-- phpMyAdmin SQL Dump
-- version 5.1.1
-- https://www.phpmyadmin.net/
--
-- Host: localhost:3306
-- Waktu pembuatan: 06 Nov 2021 pada 06.18
-- Versi server: 10.4.21-MariaDB-cll-lve
-- Versi PHP: 7.4.25

SET SQL_MODE = "NO_AUTO_VALUE_ON_ZERO";
START TRANSACTION;
SET time_zone = "+00:00";


/*!40101 SET @OLD_CHARACTER_SET_CLIENT=@@CHARACTER_SET_CLIENT */;
/*!40101 SET @OLD_CHARACTER_SET_RESULTS=@@CHARACTER_SET_RESULTS */;
/*!40101 SET @OLD_COLLATION_CONNECTION=@@COLLATION_CONNECTION */;
/*!40101 SET NAMES utf8mb4 */;

--
-- Database: `jyinsmwo_pembayaran`
--

-- --------------------------------------------------------

--
-- Struktur dari tabel `tb_baak`
--

CREATE TABLE `tb_baak` (
  `id_pegawai` int(11) NOT NULL,
  `nip` varchar(11) NOT NULL,
  `nama_pegawai` varchar(50) NOT NULL,
  `jabatan` varchar(11) NOT NULL,
  `foto` varchar(50) NOT NULL
) ENGINE=MyISAM DEFAULT CHARSET=latin1;

-- --------------------------------------------------------

--
-- Struktur dari tabel `tb_jenis_tagihan`
--

CREATE TABLE `tb_jenis_tagihan` (
  `id_jenis_tagihan` int(11) NOT NULL,
  `jenis_tagihan` varchar(55) NOT NULL,
  `kelas` varchar(10) NOT NULL,
  `jurusan` varchar(25) NOT NULL,
  `jumlah` varchar(20) NOT NULL
) ENGINE=MyISAM DEFAULT CHARSET=latin1;

--
-- Dumping data untuk tabel `tb_jenis_tagihan`
--

INSERT INTO `tb_jenis_tagihan` (`id_jenis_tagihan`, `jenis_tagihan`, `kelas`, `jurusan`, `jumlah`) VALUES
(5, 'Daftar Ulang', 'XI', 'SEMUA', '665000'),
(6, 'Daftar Ulang', 'XII', 'SEMUA', '665000'),
(7, 'PKL', 'XII', 'SEMUA', '230000'),
(20, 'Oktober', 'SEMUA', 'SEMUA', '135000'),
(16, 'PPDB 2021', 'X', 'MM PUTRA', '1550000'),
(15, 'PPDB 2021', 'X', 'MM PUTRI', '1670000'),
(19, 'September', 'SEMUA', 'SEMUA', '135000'),
(18, 'Agustus', 'SEMUA', 'SEMUA', '135000'),
(11, 'Mid Gassal', 'SEMUA', 'SEMUA', '30000'),
(17, 'PPDB 2021', 'X', 'TKRO', '1700000'),
(21, 'November', 'SEMUA', 'SEMUA', '135000'),
(22, 'Desember', 'SEMUA', 'SEMUA', '135000');

-- --------------------------------------------------------

--
-- Struktur dari tabel `tb_jenis_tagihan_siswa`
--

CREATE TABLE `tb_jenis_tagihan_siswa` (
  `id_jns_tghn_siswa` int(11) NOT NULL,
  `jenis_tagihan_siswa` varchar(55) NOT NULL
) ENGINE=MyISAM DEFAULT CHARSET=latin1;

--
-- Dumping data untuk tabel `tb_jenis_tagihan_siswa`
--

INSERT INTO `tb_jenis_tagihan_siswa` (`id_jns_tghn_siswa`, `jenis_tagihan_siswa`) VALUES
(1, 'DENDA SEMEN'),
(2, 'TUNGGAKAN KLAS XI');

-- --------------------------------------------------------

--
-- Struktur dari tabel `tb_jurusan`
--

CREATE TABLE `tb_jurusan` (
  `id_jurusan` int(11) NOT NULL,
  `jurusan` varchar(50) NOT NULL
) ENGINE=MyISAM DEFAULT CHARSET=latin1;

--
-- Dumping data untuk tabel `tb_jurusan`
--

INSERT INTO `tb_jurusan` (`id_jurusan`, `jurusan`) VALUES
(1, 'MM PUTRA'),
(2, 'MM PUTRI'),
(3, 'TKRO'),
(4, 'TKRO 1'),
(5, 'TKRO 2');

-- --------------------------------------------------------

--
-- Struktur dari tabel `tb_kelas`
--

CREATE TABLE `tb_kelas` (
  `id_kelas` int(11) NOT NULL,
  `kelas` varchar(25) NOT NULL
) ENGINE=MyISAM DEFAULT CHARSET=latin1;

--
-- Dumping data untuk tabel `tb_kelas`
--

INSERT INTO `tb_kelas` (`id_kelas`, `kelas`) VALUES
(1, 'X'),
(2, 'XI'),
(5, 'XII');

-- --------------------------------------------------------

--
-- Struktur dari tabel `tb_pembayaran`
--

CREATE TABLE `tb_pembayaran` (
  `id_pembayaran` int(11) NOT NULL,
  `id_siswa` int(11) DEFAULT NULL,
  `id_jenis_tagihan` varchar(11) DEFAULT NULL,
  `id_jns_tghn_siswa` varchar(11) DEFAULT NULL,
  `status` varchar(20) DEFAULT NULL,
  `jumlah` int(50) DEFAULT NULL,
  `chart` varchar(20) DEFAULT NULL
) ENGINE=MyISAM DEFAULT CHARSET=utf8mb4;

--
-- Dumping data untuk tabel `tb_pembayaran`
--

INSERT INTO `tb_pembayaran` (`id_pembayaran`, `id_siswa`, `id_jenis_tagihan`, `id_jns_tghn_siswa`, `status`, `jumlah`, `chart`) VALUES
(656, 807, '6', '', 'Proses', 250000, '11'),
(655, 806, '6', '', 'Lunas', 665000, '11'),
(654, 804, '6', '', 'Lunas', 665000, '11'),
(653, 803, '6', '', 'Lunas', 665000, '11'),
(652, 802, '6', '', 'Lunas', 665000, '11'),
(651, 801, '6', '', 'Lunas', 665000, '11'),
(650, 800, '6', '', 'Lunas', 665000, '11'),
(649, 799, '6', '', 'Lunas', 665000, '11'),
(648, 798, '6', '', 'Lunas', 665000, '11'),
(647, 797, '6', '', 'Lunas', 665000, '11'),
(646, 796, '6', '', 'Lunas', 665000, '11'),
(645, 795, '6', '', 'Lunas', 665000, '11'),
(644, 794, '6', '', 'Lunas', 665000, '11'),
(643, 793, '6', '', 'Lunas', 665000, '11'),
(642, 792, '6', '', 'Lunas', 665000, '11'),
(641, 791, '6', '', 'Lunas', 665000, '11'),
(640, 789, '6', '', 'Lunas', 665000, '11'),
(639, 788, '6', '', 'Lunas', 665000, '11'),
(638, 787, '6', '', 'Lunas', 665000, '11'),
(637, 786, '6', '', 'Lunas', 665000, '11'),
(636, 785, '6', '', 'Lunas', 665000, '11'),
(635, 784, '6', '', 'Lunas', 665000, '11'),
(634, 783, '6', '', 'Lunas', 665000, '11'),
(633, 781, '6', '', 'Lunas', 665000, '11'),
(632, 780, '6', '', 'Proses', 200000, '11'),
(631, 779, '6', '', 'Lunas', 665000, '11'),
(630, 778, '6', '', 'Lunas', 665000, '11'),
(629, 777, '6', '', 'Lunas', 665000, '11'),
(626, 773, '6', '', 'Lunas', 665000, '11'),
(625, 771, '6', '', 'Proses', 300000, '11'),
(624, 770, '6', '', 'Lunas', 665000, '11'),
(623, 769, '6', '', 'Lunas', 665000, '11'),
(622, 768, '6', '', 'Lunas', 665000, '11'),
(621, 766, '6', '', 'Lunas', 665000, '11'),
(620, 765, '6', '', 'Lunas', 665000, '11'),
(619, 764, '6', '', 'Lunas', 665000, '11'),
(618, 763, '6', '', 'Lunas', 665000, '11'),
(617, 762, '6', '', 'Proses', 400000, '11'),
(616, 761, '6', '', 'Lunas', 665000, '11'),
(615, 759, '6', '', 'Lunas', 665000, '11'),
(614, 757, '6', '', 'Lunas', 665000, '11'),
(613, 756, '6', '', 'Lunas', 665000, '11'),
(612, 755, '6', '', 'Lunas', 665000, '11'),
(611, 754, '6', '', 'Lunas', 665000, '11'),
(48, 809, '9', '', 'Lunas', 665000, '10'),
(49, 810, '9', '', 'Proses', 380000, '10'),
(50, 811, '9', '', 'Lunas', 665000, '10'),
(51, 812, '9', '', 'Lunas', 665000, '10'),
(52, 814, '9', '', 'Lunas', 665000, '10'),
(53, 815, '9', '', 'Lunas', 665000, '10'),
(54, 816, '9', '', 'Lunas', 665000, '10'),
(55, 818, '9', '', 'Lunas', 665000, '10'),
(56, 819, '9', '', 'Lunas', 665000, '10'),
(57, 821, '9', '', 'Lunas', 665000, '10'),
(58, 822, '9', '', 'Lunas', 665000, '10'),
(59, 823, '9', '', 'Lunas', 665000, '10'),
(60, 824, '9', '', 'Lunas', 665000, '10'),
(61, 825, '9', '', 'Lunas', 665000, '10'),
(62, 827, '9', '', 'Lunas', 665000, '10'),
(63, 829, '9', '', 'Lunas', 665000, '10'),
(64, 830, '9', '', 'Lunas', 665000, '10'),
(65, 831, '9', '', 'Lunas', 665000, '10'),
(66, 832, '9', '', 'Lunas', 665000, '10'),
(67, 834, '10', '', 'Lunas', 665000, '10'),
(68, 835, '10', '', 'Lunas', 665000, '10'),
(69, 836, '10', '', 'Lunas', 665000, '10'),
(70, 837, '10', '', 'Lunas', 665000, '10'),
(71, 838, '10', '', 'Proses', 400000, '10'),
(72, 839, '10', '', 'Lunas', 665000, '10'),
(73, 841, '10', '', 'Lunas', 665000, '10'),
(74, 843, '10', '', 'Proses', 500000, '10'),
(75, 844, '10', '', 'Lunas', 665000, '10'),
(76, 845, '10', '', 'Proses', 100000, '10'),
(77, 847, '10', '', 'Lunas', 665000, '10'),
(78, 848, '10', '', 'Lunas', 665000, '10'),
(79, 849, '10', '', 'Lunas', 665000, '10'),
(80, 777, '11', '', 'Lunas', 30000, '10'),
(81, 778, '11', '', 'Lunas', 30000, '10'),
(82, 779, '11', '', 'Lunas', 30000, '10'),
(83, 780, '11', '', 'Lunas', 30000, '10'),
(84, 781, '11', '', 'Lunas', 30000, '10'),
(85, 782, '11', '', 'Lunas', 30000, '10'),
(86, 783, '11', '', 'Lunas', 30000, '10'),
(87, 784, '11', '', 'Lunas', 30000, '10'),
(88, 785, '11', '', 'Lunas', 30000, '10'),
(89, 786, '11', '', 'Lunas', 30000, '10'),
(90, 787, '11', '', 'Lunas', 30000, '10'),
(91, 788, '11', '', 'Lunas', 30000, '10'),
(92, 789, '11', '', 'Lunas', 30000, '10'),
(93, 791, '11', '', 'Lunas', 30000, '10'),
(94, 792, '11', '', 'Lunas', 30000, '10'),
(95, 793, '11', '', 'Lunas', 30000, '10'),
(96, 794, '11', '', 'Lunas', 30000, '10'),
(97, 795, '11', '', 'Lunas', 30000, '10'),
(98, 796, '11', '', 'Lunas', 30000, '10'),
(99, 797, '11', '', 'Lunas', 30000, '10'),
(100, 798, '11', '', 'Lunas', 30000, '10'),
(101, 799, '11', '', 'Lunas', 30000, '10'),
(102, 800, '11', '', 'Lunas', 30000, '10'),
(103, 801, '11', '', 'Lunas', 30000, '10'),
(104, 802, '11', '', 'Lunas', 30000, '10'),
(105, 803, '11', '', 'Lunas', 30000, '10'),
(106, 804, '11', '', 'Lunas', 30000, '10'),
(107, 806, '11', '', 'Lunas', 30000, '10'),
(108, 807, '11', '', 'Lunas', 30000, '10'),
(109, 808, '11', '', 'Lunas', 30000, '10'),
(110, 753, '11', '', 'Lunas', 30000, '10'),
(111, 755, '11', '', 'Lunas', 30000, '10'),
(112, 756, '11', '', 'Lunas', 30000, '10'),
(113, 757, '11', '', 'Lunas', 30000, '10'),
(114, 759, '11', '', 'Lunas', 30000, '10'),
(115, 761, '11', '', 'Lunas', 30000, '10'),
(116, 762, '11', '', 'Lunas', 30000, '10'),
(117, 763, '11', '', 'Lunas', 30000, '10'),
(118, 764, '11', '', 'Lunas', 30000, '10'),
(119, 765, '11', '', 'Lunas', 30000, '10'),
(120, 766, '11', '', 'Lunas', 30000, '10'),
(121, 768, '11', '', 'Lunas', 30000, '10'),
(122, 769, '11', '', 'Lunas', 30000, '10'),
(123, 770, '11', '', 'Lunas', 30000, '10'),
(124, 771, '11', '', 'Lunas', 30000, '10'),
(125, 773, '11', '', 'Lunas', 30000, '10'),
(126, 774, '11', '', 'Lunas', 30000, '10'),
(127, 809, '11', '', 'Proses', 90000, '11'),
(128, 810, '11', '', 'Proses', 90000, '11'),
(129, 811, '11', '', 'Proses', 60000, '11'),
(130, 814, '11', '', 'Proses', 90000, '11'),
(131, 815, '11', '', 'Proses', 90000, '11'),
(132, 816, '11', '', 'Lunas', 30000, '10'),
(133, 817, '11', '', 'Proses', 90000, '11'),
(134, 818, '11', '', 'Proses', 60000, '11'),
(135, 819, '11', '', 'Proses', 90000, '11'),
(136, 821, '11', '', 'Proses', 90000, '11'),
(137, 822, '11', '', 'Proses', 60000, '11'),
(138, 823, '11', '', 'Proses', 90000, '11'),
(139, 824, '11', '', 'Proses', 90000, '11'),
(140, 825, '11', '', 'Proses', 90000, '11'),
(141, 827, '11', '', 'Proses', 90000, '11'),
(142, 828, '11', '', 'Proses', 90000, '11'),
(143, 829, '11', '', 'Proses', 90000, '11'),
(144, 830, '11', '', 'Proses', 90000, '11'),
(145, 831, '11', '', 'Proses', 90000, '11'),
(146, 832, '11', '', 'Lunas', 30000, '10'),
(147, 833, '11', '', 'Lunas', 30000, '10'),
(148, 834, '11', '', 'Lunas', 30000, '10'),
(149, 835, '11', '', 'Lunas', 30000, '10'),
(150, 836, '11', '', 'Lunas', 30000, '10'),
(151, 837, '11', '', 'Lunas', 30000, '10'),
(152, 840, '11', '', 'Lunas', 30000, '10'),
(153, 841, '11', '', 'Lunas', 30000, '10'),
(154, 844, '11', '', 'Lunas', 30000, '10'),
(155, 845, '11', '', 'Lunas', 30000, '10'),
(156, 848, '11', '', 'Lunas', 30000, '10'),
(157, 849, '11', '', 'Lunas', 30000, '10'),
(158, 833, '13', '', 'Proses', 230000, '10'),
(159, 834, '13', '', 'Proses', 230000, '10'),
(160, 835, '13', '', 'Proses', 230000, '10'),
(161, 836, '13', '', 'Proses', 230000, '10'),
(162, 837, '13', '', 'Proses', 230000, '10'),
(163, 840, '13', '', 'Proses', 230000, '10'),
(164, 841, '13', '', 'Proses', 230000, '10'),
(165, 842, '13', '', 'Proses', 230000, '10'),
(174, 833, '4', '', 'Proses', 270000, '10'),
(167, 844, '13', '', 'Proses', 230000, '10'),
(168, 845, '13', '', 'Proses', 230000, '10'),
(169, 846, '13', '', 'Proses', 230000, '10'),
(170, 847, '13', '', 'Proses', 230000, '10'),
(171, 848, '13', '', 'Proses', 230000, '10'),
(172, 849, '13', '', 'Proses', 230000, '10'),
(175, 834, '4', '', 'Proses', 270000, '10'),
(176, 835, '4', '', 'Proses', 270000, '10'),
(177, 837, '4', '', 'Proses', 270000, '10'),
(178, 841, '4', '', 'Proses', 135000, '10'),
(179, 849, '4', '', 'Proses', 270000, '10'),
(180, 809, '4', '', 'Proses', 270000, '10'),
(181, 811, '4', '', 'Proses', 270000, '10'),
(182, 812, '4', '', 'Proses', 135000, '10'),
(183, 813, '4', '', 'Proses', 270000, '10'),
(184, 814, '4', '', 'Proses', 270000, '10'),
(185, 815, '4', '', 'Proses', 270000, '10'),
(186, 816, '4', '', 'Proses', 270000, '10'),
(187, 818, '4', '', 'Proses', 270000, '10'),
(188, 819, '4', '', 'Proses', 270000, '10'),
(189, 821, '4', '', 'Proses', 270000, '10'),
(190, 822, '4', '', 'Proses', 270000, '10'),
(191, 823, '4', '', 'Proses', 70000, '10'),
(192, 824, '4', '', 'Proses', 270000, '10'),
(193, 825, '4', '', 'Proses', 270000, '10'),
(194, 827, '4', '', 'Proses', 270000, '10'),
(195, 829, '4', '', 'Proses', 270000, '10'),
(196, 830, '4', '', 'Proses', 270000, '10'),
(197, 831, '4', '', 'Proses', 270000, '10'),
(198, 832, '4', '', 'Proses', 270000, '10'),
(199, 753, '4', '', 'Proses', 270000, '10'),
(200, 755, '4', '', 'Proses', 270000, '10'),
(201, 756, '4', '', 'Proses', 270000, '10'),
(202, 757, '4', '', 'Proses', 140000, '10'),
(203, 759, '4', '', 'Proses', 270000, '10'),
(204, 761, '4', '', 'Proses', 270000, '10'),
(205, 762, '4', '', 'Proses', 270000, '10'),
(206, 763, '4', '', 'Proses', 270000, '10'),
(207, 764, '4', '', 'Proses', 270000, '10'),
(208, 765, '4', '', 'Proses', 270000, '10'),
(209, 766, '4', '', 'Proses', 70000, '10'),
(210, 768, '4', '', 'Proses', 270000, '10'),
(211, 769, '4', '', 'Proses', 270000, '10'),
(212, 770, '4', '', 'Proses', 270000, '10'),
(213, 771, '4', '', 'Proses', 270000, '10'),
(214, 773, '4', '', 'Proses', 270000, '10'),
(215, 774, '4', '', 'Proses', 270000, '10'),
(216, 775, '4', '', 'Proses', 135000, '10'),
(217, 777, '4', '', 'Proses', 270000, '10'),
(218, 778, '4', '', 'Proses', 270000, '10'),
(219, 779, '4', '', 'Proses', 270000, '10'),
(220, 780, '4', '', 'Proses', 270000, '10'),
(221, 781, '4', '', 'Proses', 270000, '10'),
(222, 783, '4', '', 'Proses', 135000, '10'),
(223, 784, '4', '', 'Proses', 270000, '10'),
(224, 785, '4', '', 'Proses', 135000, '10'),
(225, 786, '4', '', 'Proses', 270000, '10'),
(226, 787, '4', '', 'Proses', 270000, '10'),
(227, 788, '4', '', 'Proses', 270000, '10'),
(228, 789, '4', '', 'Proses', 270000, '10'),
(229, 790, '4', '', 'Proses', 270000, '10'),
(230, 791, '4', '', 'Proses', 270000, '10'),
(231, 792, '4', '', 'Proses', 70000, '10'),
(232, 793, '4', '', 'Proses', 270000, '10'),
(233, 794, '4', '', 'Proses', 270000, '10'),
(234, 795, '4', '', 'Proses', 270000, '10'),
(235, 796, '4', '', 'Proses', 270000, '10'),
(236, 797, '4', '', 'Proses', 270000, '10'),
(237, 798, '4', '', 'Proses', 270000, '10'),
(238, 799, '4', '', 'Proses', 270000, '10'),
(239, 800, '4', '', 'Proses', 270000, '10'),
(240, 801, '4', '', 'Proses', 270000, '10'),
(241, 802, '4', '', 'Proses', 270000, '10'),
(242, 803, '4', '', 'Proses', 135000, '10'),
(243, 804, '4', '', 'Proses', 270000, '10'),
(244, 806, '4', '', 'Proses', 270000, '10'),
(245, 807, '4', '', 'Proses', 270000, '10'),
(246, 808, '4', '', 'Proses', 270000, '10'),
(247, 777, '14', '', 'Lunas', 270000, '11'),
(248, 778, '14', '', 'Lunas', 270000, '11'),
(249, 779, '14', '', 'Lunas', 270000, '11'),
(250, 780, '14', '', 'Lunas', 270000, '11'),
(251, 781, '14', '', 'Lunas', 270000, '11'),
(252, 783, '14', '', 'Proses', 135000, '11'),
(253, 784, '14', '', 'Lunas', 270000, '11'),
(254, 785, '14', '', 'Proses', 135000, '11'),
(255, 786, '14', '', 'Lunas', 270000, '11'),
(256, 787, '14', '', 'Lunas', 270000, '11'),
(257, 788, '14', '', 'Lunas', 270000, '11'),
(258, 789, '14', '', 'Lunas', 270000, '11'),
(259, 790, '14', '', 'Lunas', 270000, '11'),
(260, 791, '14', '', 'Lunas', 270000, '11'),
(261, 792, '14', '', 'Proses', 70000, '11'),
(262, 793, '14', '', 'Lunas', 270000, '11'),
(263, 794, '14', '', 'Lunas', 270000, '11'),
(264, 795, '14', '', 'Lunas', 270000, '11'),
(265, 796, '14', '', 'Lunas', 270000, '11'),
(266, 797, '14', '', 'Lunas', 270000, '11'),
(267, 798, '14', '', 'Lunas', 270000, '11'),
(268, 799, '14', '', 'Lunas', 270000, '11'),
(269, 800, '14', '', 'Lunas', 270000, '11'),
(270, 801, '14', '', 'Lunas', 270000, '11'),
(271, 802, '14', '', 'Lunas', 270000, '11'),
(272, 803, '14', '', 'Lunas', 270000, '11'),
(273, 804, '14', '', 'Lunas', 270000, '11'),
(274, 806, '14', '', 'Lunas', 270000, '11'),
(275, 807, '14', '', 'Lunas', 270000, '11'),
(276, 808, '14', '', 'Proses', 27000, '11'),
(277, 777, '8', '', 'Proses', 135000, '11'),
(278, 778, '8', '', 'Proses', 135000, '11'),
(279, 779, '8', '', 'Proses', 135000, '11'),
(280, 784, '8', '', 'Proses', 270000, '11'),
(281, 788, '8', '', 'Lunas', 405000, '11'),
(282, 791, '8', '', 'Proses', 270000, '11'),
(283, 794, '8', '', 'Proses', 270000, '11'),
(284, 796, '8', '', 'Proses', 135000, '11'),
(285, 797, '8', '', 'Proses', 270000, '11'),
(286, 798, '8', '', 'Proses', 270000, '11'),
(287, 801, '8', '', 'Proses', 270000, '11'),
(288, 803, '8', '', 'Proses', 135000, '11'),
(289, 804, '8', '', 'Proses', 135000, '11'),
(290, 808, '8', '', 'Lunas', 405000, '11'),
(519, 721, '11', '', 'Lunas', 30000, '11'),
(518, 720, '11', '', 'Lunas', 30000, '11'),
(517, 719, '11', '', 'Lunas', 30000, '11'),
(516, 718, '11', '', 'Lunas', 30000, '11'),
(515, 717, '11', '', 'Lunas', 30000, '11'),
(514, 716, '11', '', 'Lunas', 30000, '11'),
(513, 715, '11', '', 'Lunas', 30000, '11'),
(512, 714, '11', '', 'Lunas', 30000, '11'),
(511, 713, '11', '', 'Lunas', 30000, '11'),
(510, 711, '11', '', 'Lunas', 30000, '11'),
(509, 710, '11', '', 'Lunas', 30000, '11'),
(508, 709, '11', '', 'Lunas', 30000, '11'),
(507, 708, '11', '', 'Lunas', 30000, '11'),
(506, 707, '11', '', 'Lunas', 30000, '11'),
(505, 706, '11', '', 'Lunas', 30000, '11'),
(504, 705, '11', '', 'Lunas', 30000, '11'),
(503, 704, '11', '', 'Lunas', 30000, '11'),
(502, 702, '11', '', 'Lunas', 30000, '11'),
(501, 700, '11', '', 'Lunas', 30000, '11'),
(500, 698, '11', '', 'Lunas', 30000, '11'),
(499, 696, '11', '', 'Lunas', 30000, '11'),
(498, 695, '11', '', 'Lunas', 30000, '11'),
(497, 694, '11', '', 'Lunas', 30000, '11'),
(530, 676, '11', '', 'Lunas', 30000, '11'),
(529, 693, '11', '', 'Lunas', 30000, '11'),
(528, 688, '11', '', 'Lunas', 30000, '11'),
(527, 686, '11', '', 'Lunas', 30000, '11'),
(525, 684, '11', '', 'Lunas', 30000, '11'),
(526, 685, '11', '', 'Lunas', 30000, '11'),
(524, 674, '11', '', 'Lunas', 30000, '11'),
(523, 671, '11', '', 'Lunas', 30000, '11'),
(522, 669, '11', '', 'Lunas', 30000, '11'),
(521, 670, '11', '', 'Lunas', 30000, '11'),
(326, 723, '11', '', 'Lunas', 30000, '11'),
(327, 727, '11', '', 'Lunas', 30000, '11'),
(328, 734, '11', '', 'Lunas', 30000, '11'),
(329, 735, '11', '', 'Lunas', 30000, '11'),
(330, 739, '11', '', 'Lunas', 30000, '11'),
(331, 740, '11', '', 'Lunas', 30000, '11'),
(332, 741, '11', '', 'Lunas', 30000, '11'),
(333, 742, '11', '', 'Lunas', 30000, '11'),
(334, 743, '11', '', 'Lunas', 30000, '11'),
(335, 748, '11', '', 'Lunas', 30000, '11'),
(336, 749, '11', '', 'Lunas', 30000, '11'),
(337, 750, '11', '', 'Lunas', 30000, '11'),
(338, 751, '11', '', 'Lunas', 30000, '11'),
(339, 752, '11', '', 'Lunas', 30000, '11'),
(340, 601, '15', '', 'Lunas', 1670000, '11'),
(341, 602, '15', '', 'Lunas', 1670000, '11'),
(342, 603, '15', '', 'Proses', 500000, '11'),
(343, 604, '15', '', 'Lunas', 1670000, '11'),
(344, 605, '15', '', 'Lunas', 1670000, '11'),
(345, 606, '15', '', 'Lunas', 1670000, '11'),
(346, 607, '15', '', 'Proses', 1000000, '11'),
(347, 608, '15', '', 'Proses', 800000, '11'),
(348, 609, '15', '', 'Proses', 700000, '11'),
(349, 610, '15', '', 'Lunas', 1670000, '11'),
(350, 611, '15', '', 'Proses', 500000, '11'),
(351, 612, '15', '', 'Lunas', 1670000, '11'),
(352, 613, '15', '', 'Proses', 800000, '11'),
(353, 614, '15', '', 'Lunas', 1670000, '11'),
(354, 615, '15', '', 'Lunas', 1670000, '11'),
(355, 616, '15', '', 'Lunas', 1670000, '11'),
(356, 617, '15', '', 'Proses', 500000, '11'),
(357, 618, '15', '', 'Lunas', 1670000, '11'),
(358, 619, '15', '', 'Proses', 1100000, '11'),
(359, 620, '15', '', 'Lunas', 1670000, '11'),
(360, 621, '15', '', 'Proses', 500000, '11'),
(361, 622, '15', '', 'Lunas', 1670000, '11'),
(362, 623, '15', '', 'Proses', 500000, '11'),
(363, 624, '15', '', 'Proses', 500000, '11'),
(364, 625, '15', '', 'Lunas', 1670000, '11'),
(365, 626, '15', '', 'Lunas', 1670000, '11'),
(366, 627, '15', '', 'Proses', 1000000, '11'),
(367, 628, '15', '', 'Lunas', 1670000, '11'),
(368, 629, '15', '', 'Lunas', 1670000, '11'),
(369, 630, '15', '', 'Lunas', 1670000, '11'),
(370, 631, '15', '', 'Proses', 500000, '11'),
(371, 632, '15', '', 'Lunas', 1670000, '11'),
(372, 633, '15', '', 'Lunas', 1670000, '11'),
(373, 634, '15', '', 'Proses', 500000, '11'),
(374, 635, '15', '', 'Lunas', 1670000, '11'),
(375, 636, '15', '', 'Proses', 670000, '11'),
(376, 565, '16', '', 'Proses', 500000, '11'),
(377, 566, '16', '', 'Lunas', 1550000, '11'),
(378, 567, '16', '', 'Lunas', 1550000, '11'),
(379, 568, '16', '', 'Proses', 500000, '11'),
(380, 569, '16', '', 'Lunas', 1550000, '11'),
(381, 570, '16', '', 'Lunas', 1550000, '11'),
(382, 571, '16', '', 'Lunas', 1550000, '11'),
(383, 572, '16', '', 'Proses', 800000, '11'),
(384, 573, '16', '', 'Proses', 500000, '11'),
(385, 574, '16', '', 'Proses', 1150000, '11'),
(386, 575, '16', '', 'Proses', 500000, '11'),
(387, 576, '16', '', 'Lunas', 1550000, '11'),
(388, 577, '16', '', 'Proses', 500000, '11'),
(389, 578, '16', '', 'Proses', 500000, '11'),
(390, 579, '16', '', 'Lunas', 1550000, '11'),
(391, 580, '16', '', 'Proses', 1000000, '11'),
(392, 581, '16', '', 'Proses', 1250000, '11'),
(393, 582, '16', '', 'Proses', 500000, '11'),
(394, 583, '16', '', 'Lunas', 1550000, '11'),
(395, 585, '16', '', 'Proses', 500000, '11'),
(396, 586, '16', '', 'Proses', 150000, '11'),
(397, 587, '16', '', 'Proses', 500000, '11'),
(398, 588, '16', '', 'Proses', 500000, '11'),
(399, 589, '16', '', 'Proses', 500000, '11'),
(400, 590, '16', '', 'Lunas', 1550000, '11'),
(401, 591, '16', '', 'Proses', 500000, '11'),
(402, 592, '16', '', 'Lunas', 1550000, '11'),
(403, 593, '16', '', 'Proses', 575000, '11'),
(404, 594, '16', '', 'Lunas', 1550000, '11'),
(405, 595, '16', '', 'Proses', 1000000, '11'),
(406, 596, '16', '', 'Proses', 500000, '11'),
(407, 597, '16', '', 'Proses', 500000, '11'),
(408, 598, '16', '', 'Proses', 1000000, '11'),
(409, 599, '16', '', 'Proses', 500000, '11'),
(410, 600, '16', '', 'Lunas', 1550000, '11'),
(411, 637, '17', '', 'Proses', 500000, '11'),
(412, 638, '17', '', 'Lunas', 1700000, '11'),
(413, 639, '17', '', 'Lunas', 1700000, '11'),
(414, 640, '17', '', 'Proses', 800000, '11'),
(415, 641, '17', '', 'Proses', 250000, '11'),
(416, 642, '17', '', 'Lunas', 1700000, '11'),
(417, 643, '17', '', 'Proses', 500000, '11'),
(418, 644, '17', '', 'Proses', 500000, '11'),
(419, 646, '17', '', 'Proses', 1200000, '11'),
(420, 647, '17', '', 'Proses', 600000, '11'),
(421, 648, '17', '', 'Lunas', 1700000, '11'),
(422, 649, '17', '', 'Proses', 500000, '11'),
(423, 650, '17', '', 'Lunas', 1700000, '11'),
(424, 651, '17', '', 'Proses', 1500000, '11'),
(425, 652, '17', '', 'Lunas', 1700000, '11'),
(426, 653, '17', '', 'Proses', 500000, '11'),
(427, 654, '17', '', 'Proses', 500000, '11'),
(428, 655, '17', '', 'Lunas', 1700000, '11'),
(429, 656, '17', '', 'Proses', 1000000, '11'),
(430, 658, '17', '', 'Proses', 1000000, '11'),
(431, 659, '17', '', 'Lunas', 1700000, '11'),
(432, 660, '17', '', 'Lunas', 1700000, '11'),
(433, 661, '17', '', 'Lunas', 1700000, '11'),
(434, 662, '17', '', 'Lunas', 1700000, '11'),
(435, 663, '17', '', 'Proses', 1500000, '11'),
(436, 664, '17', '', 'Lunas', 1700000, '11'),
(437, 665, '17', '', 'Proses', 500000, '11'),
(438, 667, '17', '', 'Proses', 500000, '11'),
(439, 668, '17', '', 'Lunas', 1700000, '11'),
(440, 566, '11', '', 'Lunas', 30000, '11'),
(441, 567, '11', '', 'Lunas', 30000, '11'),
(442, 568, '11', '', 'Lunas', 30000, '11'),
(443, 569, '11', '', 'Lunas', 30000, '11'),
(444, 570, '11', '', 'Lunas', 30000, '11'),
(445, 572, '11', '', 'Lunas', 30000, '11'),
(446, 574, '11', '', 'Lunas', 30000, '11'),
(447, 577, '11', '', 'Lunas', 30000, '11'),
(448, 578, '11', '', 'Lunas', 30000, '11'),
(449, 585, '11', '', 'Lunas', 30000, '11'),
(450, 588, '11', '', 'Lunas', 30000, '11'),
(451, 591, '11', '', 'Lunas', 30000, '11'),
(452, 592, '11', '', 'Lunas', 30000, '11'),
(453, 595, '11', '', 'Lunas', 30000, '11'),
(454, 596, '11', '', 'Lunas', 30000, '11'),
(455, 598, '11', '', 'Lunas', 30000, '11'),
(456, 599, '11', '', 'Lunas', 30000, '11'),
(457, 604, '11', '', 'Lunas', 30000, '11'),
(458, 606, '11', '', 'Lunas', 30000, '11'),
(459, 607, '11', '', 'Lunas', 30000, '11'),
(460, 608, '11', '', 'Lunas', 30000, '11'),
(461, 610, '11', '', 'Lunas', 30000, '11'),
(462, 612, '11', '', 'Lunas', 30000, '11'),
(463, 613, '11', '', 'Lunas', 30000, '11'),
(464, 615, '11', '', 'Lunas', 30000, '11'),
(465, 616, '11', '', 'Lunas', 30000, '11'),
(466, 617, '11', '', 'Lunas', 30000, '11'),
(467, 618, '11', '', 'Lunas', 30000, '11'),
(468, 619, '11', '', 'Lunas', 30000, '11'),
(469, 620, '11', '', 'Lunas', 30000, '11'),
(470, 621, '11', '', 'Lunas', 30000, '11'),
(471, 622, '11', '', 'Lunas', 30000, '11'),
(472, 623, '11', '', 'Lunas', 30000, '11'),
(473, 624, '11', '', 'Lunas', 30000, '11'),
(474, 625, '11', '', 'Lunas', 30000, '11'),
(475, 626, '11', '', 'Lunas', 30000, '11'),
(476, 628, '11', '', 'Lunas', 30000, '11'),
(477, 630, '11', '', 'Lunas', 30000, '11'),
(478, 632, '11', '', 'Lunas', 30000, '11'),
(479, 633, '11', '', 'Lunas', 30000, '11'),
(480, 634, '11', '', 'Lunas', 30000, '11'),
(481, 637, '11', '', 'Lunas', 30000, '11'),
(482, 639, '11', '', 'Lunas', 30000, '11'),
(483, 641, '11', '', 'Lunas', 30000, '11'),
(484, 642, '11', '', 'Lunas', 30000, '11'),
(485, 647, '11', '', 'Lunas', 30000, '11'),
(486, 649, '11', '', 'Lunas', 30000, '11'),
(487, 650, '11', '', 'Lunas', 30000, '11'),
(488, 651, '11', '', 'Lunas', 30000, '11'),
(489, 656, '11', '', 'Lunas', 30000, '11'),
(490, 658, '11', '', 'Lunas', 30000, '11'),
(491, 659, '11', '', 'Lunas', 30000, '11'),
(492, 660, '11', '', 'Lunas', 30000, '11'),
(493, 661, '11', '', 'Lunas', 30000, '11'),
(494, 662, '11', '', 'Lunas', 30000, '11'),
(495, 663, '11', '', 'Lunas', 30000, '11'),
(496, 665, '11', '', 'Lunas', 30000, '11'),
(520, 722, '11', '', 'Lunas', 30000, '11'),
(531, 694, '5', '', 'Lunas', 665000, '11'),
(532, 695, '5', '', 'Lunas', 665000, '11'),
(533, 696, '5', '', 'Lunas', 665000, '11'),
(534, 697, '5', '', 'Proses', 510000, '11'),
(535, 698, '5', '', 'Lunas', 665000, '11'),
(536, 699, '5', '', 'Proses', 100000, '11'),
(537, 701, '5', '', 'Proses', 495000, '11'),
(538, 702, '5', '', 'Lunas', 665000, '11'),
(539, 703, '5', '', 'Lunas', 665000, '11'),
(540, 704, '5', '', 'Lunas', 665000, '11'),
(541, 705, '5', '', 'Lunas', 665000, '11'),
(542, 706, '5', '', 'Lunas', 665000, '11'),
(543, 707, '5', '', 'Lunas', 665000, '11'),
(544, 708, '5', '', 'Lunas', 665000, '11'),
(545, 709, '5', '', 'Lunas', 665000, '11'),
(546, 710, '5', '', 'Lunas', 665000, '11'),
(547, 711, '5', '', 'Lunas', 665000, '11'),
(548, 712, '5', '', 'Lunas', 665000, '11'),
(549, 713, '5', '', 'Lunas', 665000, '11'),
(550, 714, '5', '', 'Lunas', 665000, '11'),
(551, 715, '5', '', 'Lunas', 665000, '11'),
(552, 716, '5', '', 'Lunas', 665000, '11'),
(553, 717, '5', '', 'Lunas', 665000, '11'),
(554, 718, '5', '', 'Lunas', 665000, '11'),
(555, 719, '5', '', 'Lunas', 665000, '11'),
(556, 720, '5', '', 'Lunas', 665000, '11'),
(557, 721, '5', '', 'Lunas', 665000, '11'),
(558, 722, '5', '', 'Lunas', 665000, '11'),
(559, 669, '5', '', 'Lunas', 665000, '11'),
(560, 670, '5', '', 'Lunas', 665000, '11'),
(561, 671, '5', '', 'Lunas', 665000, '11'),
(562, 672, '5', '', 'Lunas', 665000, '11'),
(563, 673, '5', '', 'Lunas', 665000, '11'),
(564, 674, '5', '', 'Lunas', 665000, '11'),
(565, 675, '5', '', 'Lunas', 665000, '11'),
(566, 676, '5', '', 'Lunas', 665000, '11'),
(567, 677, '5', '', 'Lunas', 665000, '11'),
(568, 678, '5', '', 'Lunas', 665000, '11'),
(569, 679, '5', '', 'Lunas', 665000, '11'),
(570, 680, '5', '', 'Lunas', 665000, '11'),
(571, 681, '5', '', 'Proses', 610000, '11'),
(572, 682, '5', '', 'Proses', 600000, '11'),
(573, 683, '5', '', 'Proses', 75000, '11'),
(574, 684, '5', '', 'Lunas', 665000, '11'),
(575, 685, '5', '', 'Lunas', 665000, '11'),
(576, 686, '5', '', 'Lunas', 665000, '11'),
(577, 687, '5', '', 'Lunas', 665000, '11'),
(578, 688, '5', '', 'Lunas', 665000, '11'),
(579, 689, '5', '', 'Lunas', 665000, '11'),
(580, 690, '5', '', 'Lunas', 665000, '11'),
(581, 691, '5', '', 'Lunas', 665000, '11'),
(582, 692, '5', '', 'Lunas', 665000, '11'),
(583, 693, '5', '', 'Lunas', 665000, '11'),
(584, 723, '5', '', 'Proses', 300000, '11'),
(585, 724, '5', '', 'Lunas', 665000, '11'),
(586, 725, '5', '', 'Proses', 200000, '11'),
(587, 726, '5', '', 'Lunas', 665000, '11'),
(588, 727, '5', '', 'Lunas', 665000, '11'),
(589, 728, '5', '', 'Lunas', 665000, '11'),
(590, 730, '5', '', 'Proses', 475000, '11'),
(591, 731, '5', '', 'Lunas', 665000, '11'),
(592, 732, '5', '', 'Lunas', 665000, '11'),
(593, 733, '5', '', 'Lunas', 665000, '11'),
(594, 734, '5', '', 'Lunas', 665000, '11'),
(595, 735, '5', '', 'Lunas', 665000, '11'),
(596, 736, '5', '', 'Lunas', 665000, '11'),
(597, 737, '5', '', 'Lunas', 665000, '11'),
(598, 738, '5', '', 'Lunas', 665000, '11'),
(599, 740, '5', '', 'Lunas', 665000, '11'),
(600, 741, '5', '', 'Lunas', 665000, '11'),
(601, 742, '5', '', 'Lunas', 665000, '11'),
(602, 743, '5', '', 'Lunas', 665000, '11'),
(603, 745, '5', '', 'Lunas', 665000, '11'),
(604, 746, '5', '', 'Proses', 100000, '11'),
(605, 747, '5', '', 'Proses', 600000, '11'),
(606, 748, '5', '', 'Lunas', 665000, '11'),
(607, 749, '5', '', 'Proses', 565000, '11'),
(608, 750, '5', '', 'Lunas', 665000, '11'),
(609, 751, '5', '', 'Lunas', 665000, '11'),
(610, 752, '5', '', 'Lunas', 665000, '11'),
(627, 774, '6', '', 'Proses', 590000, '11'),
(628, 775, '6', '', 'Lunas', 665000, '11'),
(657, 808, '6', '', 'Lunas', 665000, '11'),
(658, 812, '6', '', 'Proses', 2660000, '11'),
(659, 809, '6', '', 'Proses', 2660000, '11'),
(660, 810, '6', '', 'Proses', 1520000, '11'),
(661, 811, '6', '', 'Proses', 2660000, '11'),
(662, 818, '6', '', 'Proses', 2660000, '11'),
(663, 823, '6', '', 'Proses', 2660000, '11'),
(664, 824, '6', '', 'Proses', 2660000, '11'),
(665, 821, '6', '', 'Proses', 2660000, '11'),
(666, 819, '6', '', 'Proses', 2660000, '11'),
(667, 822, '6', '', 'Proses', 2660000, '11'),
(668, 825, '6', '', 'Proses', 2660000, '11'),
(669, 829, '6', '', 'Proses', 2660000, '11'),
(670, 830, '6', '', 'Proses', 2660000, '11'),
(671, 831, '6', '', 'Proses', 2660000, '11'),
(672, 827, '6', '', 'Proses', 2660000, '11'),
(673, 815, '6', '', 'Proses', 2660000, '11'),
(674, 814, '6', '', 'Proses', 2660000, '11'),
(676, 833, '6', '', 'Lunas', 665000, '11'),
(677, 834, '6', '', 'Lunas', 665000, '11'),
(678, 878, '6', '', 'Lunas', 665000, '11'),
(679, 836, '6', '', 'Lunas', 665000, '11'),
(680, 837, '6', '', 'Proses', 400000, '11'),
(681, 845, '6', '', 'Proses', 100000, '11'),
(682, 839, '6', '', 'Lunas', 665000, '11'),
(683, 843, '6', '', 'Proses', 500000, '11'),
(684, 844, '6', '', 'Lunas', 665000, '11'),
(685, 848, '6', '', 'Lunas', 665000, '11'),
(686, 849, '6', '', 'Lunas', 665000, '11'),
(687, 850, '6', '', 'Lunas', 665000, '11'),
(688, 847, '6', '', 'Lunas', 665000, '11'),
(689, 852, '6', '', 'Lunas', 665000, '11'),
(690, 853, '6', '', 'Lunas', 665000, '11'),
(691, 854, '6', '', 'Proses', 380000, '11'),
(692, 855, '6', '', 'Lunas', 665000, '11'),
(693, 812, '11', '', 'Lunas', 30000, '11'),
(694, 601, '18', '', 'Lunas', 135000, '11'),
(695, 602, '18', '', 'Lunas', 135000, '11'),
(696, 604, '18', '', 'Lunas', 135000, '11'),
(697, 605, '18', '', 'Lunas', 135000, '11'),
(698, 606, '18', '', 'Lunas', 135000, '11'),
(699, 607, '18', '', 'Lunas', 135000, '11'),
(700, 608, '18', '', 'Lunas', 135000, '11'),
(701, 609, '18', '', 'Lunas', 135000, '11'),
(702, 610, '18', '', 'Lunas', 135000, '11'),
(703, 611, '18', '', 'Lunas', 135000, '11'),
(704, 612, '18', '', 'Lunas', 135000, '11'),
(705, 613, '18', '', 'Lunas', 135000, '11'),
(706, 614, '18', '', 'Lunas', 135000, '11'),
(707, 615, '18', '', 'Lunas', 135000, '11'),
(708, 616, '18', '', 'Lunas', 135000, '11'),
(709, 617, '18', '', 'Lunas', 135000, '11'),
(710, 618, '18', '', 'Lunas', 135000, '11'),
(711, 619, '18', '', 'Lunas', 135000, '11'),
(712, 620, '18', '', 'Lunas', 135000, '11'),
(713, 621, '18', '', 'Lunas', 135000, '11'),
(714, 622, '18', '', 'Lunas', 135000, '11'),
(715, 623, '18', '', 'Lunas', 135000, '11'),
(716, 624, '18', '', 'Lunas', 135000, '11'),
(717, 625, '18', '', 'Lunas', 135000, '11'),
(718, 626, '18', '', 'Lunas', 135000, '11'),
(719, 627, '18', '', 'Lunas', 135000, '11'),
(720, 628, '18', '', 'Lunas', 135000, '11'),
(721, 629, '18', '', 'Lunas', 135000, '11'),
(722, 630, '18', '', 'Lunas', 135000, '11'),
(723, 631, '18', '', 'Lunas', 135000, '11'),
(724, 632, '18', '', 'Lunas', 135000, '11'),
(725, 633, '18', '', 'Lunas', 135000, '11'),
(726, 634, '18', '', 'Lunas', 135000, '11'),
(727, 635, '18', '', 'Lunas', 135000, '11'),
(728, 636, '18', '', 'Lunas', 135000, '11'),
(729, 601, '19', '', 'Lunas', 135000, '11'),
(730, 602, '19', '', 'Lunas', 135000, '11'),
(731, 604, '19', '', 'Lunas', 135000, '11'),
(732, 605, '19', '', 'Lunas', 135000, '11'),
(733, 606, '19', '', 'Lunas', 135000, '11'),
(734, 607, '19', '', 'Lunas', 135000, '11'),
(735, 608, '19', '', 'Lunas', 135000, '11'),
(736, 609, '19', '', 'Lunas', 135000, '11'),
(737, 610, '19', '', 'Lunas', 135000, '11'),
(738, 611, '19', '', 'Lunas', 135000, '11'),
(739, 612, '19', '', 'Lunas', 135000, '11'),
(740, 613, '19', '', 'Lunas', 135000, '11'),
(741, 614, '19', '', 'Lunas', 135000, '11'),
(742, 615, '19', '', 'Lunas', 135000, '11'),
(743, 616, '19', '', 'Lunas', 135000, '11'),
(744, 617, '19', '', 'Lunas', 135000, '11'),
(745, 618, '19', '', 'Lunas', 135000, '11'),
(746, 619, '19', '', 'Lunas', 135000, '11'),
(747, 620, '19', '', 'Lunas', 135000, '11'),
(748, 621, '19', '', 'Lunas', 135000, '11'),
(749, 622, '19', '', 'Lunas', 135000, '11'),
(750, 623, '19', '', 'Lunas', 135000, '11'),
(751, 624, '19', '', 'Lunas', 135000, '11'),
(752, 625, '19', '', 'Lunas', 135000, '11'),
(753, 626, '19', '', 'Lunas', 135000, '11'),
(754, 627, '19', '', 'Lunas', 135000, '11'),
(755, 628, '19', '', 'Lunas', 135000, '11'),
(756, 629, '19', '', 'Lunas', 135000, '11'),
(757, 630, '19', '', 'Lunas', 135000, '11'),
(758, 631, '19', '', 'Lunas', 135000, '11'),
(759, 632, '19', '', 'Lunas', 135000, '11'),
(760, 633, '19', '', 'Lunas', 135000, '11'),
(761, 634, '19', '', 'Lunas', 135000, '11'),
(762, 635, '19', '', 'Lunas', 135000, '11'),
(763, 636, '19', '', 'Lunas', 135000, '11'),
(764, 601, '20', '', 'Lunas', 135000, '11'),
(765, 605, '20', '', 'Lunas', 135000, '11'),
(766, 606, '20', '', 'Lunas', 135000, '11'),
(767, 611, '20', '', 'Lunas', 135000, '11'),
(768, 612, '20', '', 'Lunas', 135000, '11'),
(769, 613, '20', '', 'Lunas', 135000, '11'),
(770, 614, '20', '', 'Lunas', 135000, '11'),
(771, 618, '20', '', 'Lunas', 135000, '11'),
(772, 620, '20', '', 'Lunas', 135000, '11'),
(773, 622, '20', '', 'Lunas', 135000, '11'),
(774, 624, '20', '', 'Lunas', 135000, '11'),
(775, 626, '20', '', 'Lunas', 135000, '11'),
(776, 627, '20', '', 'Lunas', 135000, '11'),
(777, 628, '20', '', 'Lunas', 135000, '11'),
(778, 629, '20', '', 'Lunas', 135000, '11'),
(779, 630, '20', '', 'Lunas', 135000, '11'),
(780, 631, '20', '', 'Lunas', 135000, '11'),
(781, 633, '20', '', 'Lunas', 135000, '11'),
(782, 612, '21', '', 'Lunas', 135000, '11'),
(783, 614, '21', '', 'Lunas', 135000, '11'),
(784, 618, '21', '', 'Lunas', 135000, '11'),
(785, 612, '22', '', 'Lunas', 135000, '11'),
(786, 614, '22', '', 'Lunas', 135000, '11'),
(787, 565, '18', '', 'Lunas', 135000, '11'),
(788, 566, '18', '', 'Lunas', 135000, '11'),
(789, 567, '18', '', 'Lunas', 135000, '11'),
(790, 568, '18', '', 'Lunas', 135000, '11'),
(791, 569, '18', '', 'Lunas', 135000, '11'),
(792, 570, '18', '', 'Lunas', 135000, '11'),
(793, 571, '18', '', 'Lunas', 135000, '11'),
(794, 572, '18', '', 'Lunas', 135000, '11'),
(795, 573, '18', '', 'Lunas', 135000, '11'),
(796, 574, '18', '', 'Lunas', 135000, '11'),
(797, 575, '18', '', 'Lunas', 135000, '11'),
(798, 576, '18', '', 'Lunas', 135000, '11'),
(799, 577, '18', '', 'Lunas', 135000, '11'),
(800, 578, '18', '', 'Lunas', 135000, '11'),
(801, 579, '18', '', 'Lunas', 135000, '11'),
(802, 580, '18', '', 'Lunas', 135000, '11'),
(803, 581, '18', '', 'Lunas', 135000, '11'),
(804, 582, '18', '', 'Lunas', 135000, '11'),
(805, 583, '18', '', 'Lunas', 135000, '11'),
(806, 584, '18', '', 'Lunas', 135000, '11'),
(807, 585, '18', '', 'Lunas', 135000, '11'),
(808, 586, '18', '', 'Lunas', 135000, '11'),
(809, 588, '18', '', 'Lunas', 135000, '11'),
(810, 589, '18', '', 'Lunas', 135000, '11'),
(811, 590, '18', '', 'Lunas', 135000, '11'),
(812, 591, '18', '', 'Lunas', 135000, '11'),
(813, 592, '18', '', 'Lunas', 135000, '11'),
(814, 593, '18', '', 'Lunas', 135000, '11'),
(815, 594, '18', '', 'Lunas', 135000, '11'),
(816, 595, '18', '', 'Lunas', 135000, '11'),
(817, 596, '18', '', 'Lunas', 135000, '11'),
(818, 597, '18', '', 'Lunas', 135000, '11'),
(819, 598, '18', '', 'Lunas', 135000, '11'),
(820, 599, '18', '', 'Lunas', 135000, '11'),
(821, 565, '19', '', 'Lunas', 135000, '11'),
(822, 566, '19', '', 'Lunas', 135000, '11'),
(823, 567, '19', '', 'Lunas', 135000, '11'),
(824, 569, '19', '', 'Lunas', 135000, '11'),
(825, 570, '19', '', 'Lunas', 135000, '11'),
(826, 571, '19', '', 'Lunas', 135000, '11'),
(827, 572, '19', '', 'Lunas', 135000, '11'),
(828, 573, '19', '', 'Lunas', 135000, '11'),
(829, 574, '19', '', 'Lunas', 135000, '11'),
(830, 575, '19', '', 'Lunas', 135000, '11'),
(831, 576, '19', '', 'Lunas', 135000, '11'),
(832, 577, '19', '', 'Lunas', 135000, '11'),
(833, 578, '19', '', 'Lunas', 135000, '11'),
(834, 579, '19', '', 'Lunas', 135000, '11'),
(835, 580, '19', '', 'Lunas', 135000, '11'),
(836, 581, '19', '', 'Lunas', 135000, '11'),
(837, 582, '19', '', 'Lunas', 135000, '11'),
(838, 583, '19', '', 'Lunas', 135000, '11'),
(839, 584, '19', '', 'Lunas', 135000, '11'),
(840, 585, '19', '', 'Lunas', 135000, '11'),
(841, 586, '19', '', 'Lunas', 135000, '11'),
(842, 588, '19', '', 'Lunas', 135000, '11'),
(843, 589, '19', '', 'Lunas', 135000, '11'),
(844, 590, '19', '', 'Lunas', 135000, '11'),
(845, 591, '19', '', 'Lunas', 135000, '11'),
(846, 592, '19', '', 'Lunas', 135000, '11'),
(847, 593, '19', '', 'Lunas', 135000, '11'),
(848, 594, '19', '', 'Lunas', 135000, '11'),
(849, 595, '19', '', 'Lunas', 135000, '11'),
(850, 596, '19', '', 'Lunas', 135000, '11'),
(851, 597, '19', '', 'Lunas', 135000, '11'),
(852, 598, '19', '', 'Lunas', 135000, '11'),
(853, 599, '19', '', 'Lunas', 135000, '11'),
(854, 569, '20', '', 'Lunas', 135000, '11'),
(855, 570, '20', '', 'Lunas', 135000, '11'),
(856, 571, '20', '', 'Lunas', 135000, '11'),
(857, 572, '20', '', 'Lunas', 135000, '11'),
(858, 574, '20', '', 'Lunas', 135000, '11'),
(859, 575, '20', '', 'Lunas', 135000, '11'),
(860, 580, '20', '', 'Lunas', 135000, '11'),
(861, 581, '20', '', 'Lunas', 135000, '11'),
(862, 583, '20', '', 'Lunas', 135000, '11'),
(863, 585, '20', '', 'Lunas', 135000, '11'),
(864, 588, '20', '', 'Lunas', 135000, '11'),
(865, 592, '20', '', 'Lunas', 135000, '11'),
(866, 593, '20', '', 'Lunas', 135000, '11'),
(867, 595, '20', '', 'Lunas', 135000, '11'),
(868, 598, '20', '', 'Lunas', 135000, '11'),
(869, 571, '21', '', 'Lunas', 135000, '11'),
(870, 583, '21', '', 'Lunas', 135000, '11'),
(871, 583, '22', '', 'Lunas', 135000, '11'),
(872, 694, '18', '', 'Lunas', 135000, '11'),
(873, 695, '18', '', 'Lunas', 135000, '11'),
(874, 696, '18', '', 'Lunas', 135000, '11'),
(875, 697, '18', '', 'Lunas', 135000, '11'),
(876, 698, '18', '', 'Lunas', 135000, '11'),
(877, 700, '18', '', 'Lunas', 135000, '11'),
(878, 701, '18', '', 'Lunas', 135000, '11'),
(879, 702, '18', '', 'Lunas', 135000, '11'),
(880, 703, '18', '', 'Lunas', 135000, '11'),
(881, 704, '18', '', 'Lunas', 135000, '11'),
(882, 705, '18', '', 'Lunas', 135000, '11'),
(883, 706, '18', '', 'Lunas', 135000, '11'),
(884, 707, '18', '', 'Lunas', 135000, '11'),
(885, 708, '18', '', 'Lunas', 135000, '11'),
(886, 709, '18', '', 'Lunas', 135000, '11'),
(887, 710, '18', '', 'Lunas', 135000, '11'),
(888, 711, '18', '', 'Lunas', 135000, '11'),
(889, 712, '18', '', 'Lunas', 135000, '11'),
(890, 713, '18', '', 'Lunas', 135000, '11'),
(891, 714, '18', '', 'Lunas', 135000, '11'),
(892, 715, '18', '', 'Lunas', 135000, '11'),
(893, 716, '18', '', 'Lunas', 135000, '11'),
(894, 717, '18', '', 'Lunas', 135000, '11'),
(895, 718, '18', '', 'Lunas', 135000, '11'),
(896, 719, '18', '', 'Lunas', 135000, '11'),
(897, 720, '18', '', 'Lunas', 135000, '11'),
(898, 721, '18', '', 'Lunas', 135000, '11'),
(899, 722, '18', '', 'Lunas', 135000, '11'),
(900, 694, '19', '', 'Lunas', 135000, '11'),
(901, 695, '19', '', 'Lunas', 135000, '11'),
(902, 696, '19', '', 'Lunas', 135000, '11'),
(903, 697, '19', '', 'Lunas', 135000, '11'),
(904, 698, '19', '', 'Lunas', 135000, '11'),
(905, 700, '19', '', 'Lunas', 135000, '11'),
(906, 701, '19', '', 'Lunas', 135000, '11'),
(907, 702, '19', '', 'Lunas', 135000, '11'),
(908, 703, '19', '', 'Lunas', 135000, '11'),
(909, 704, '19', '', 'Lunas', 135000, '11'),
(910, 705, '19', '', 'Lunas', 135000, '11'),
(911, 706, '19', '', 'Lunas', 135000, '11'),
(912, 707, '19', '', 'Lunas', 135000, '11'),
(913, 708, '19', '', 'Lunas', 135000, '11'),
(914, 709, '19', '', 'Lunas', 135000, '11'),
(915, 710, '19', '', 'Lunas', 135000, '11'),
(916, 711, '19', '', 'Lunas', 135000, '11'),
(917, 713, '19', '', 'Lunas', 135000, '11'),
(918, 714, '19', '', 'Lunas', 135000, '11'),
(919, 715, '19', '', 'Lunas', 135000, '11'),
(920, 716, '19', '', 'Lunas', 135000, '11'),
(921, 717, '19', '', 'Lunas', 135000, '11'),
(922, 718, '19', '', 'Lunas', 135000, '11'),
(923, 719, '19', '', 'Lunas', 135000, '11'),
(924, 720, '19', '', 'Lunas', 135000, '11'),
(925, 721, '19', '', 'Lunas', 135000, '11'),
(926, 722, '19', '', 'Lunas', 135000, '11'),
(927, 694, '20', '', 'Lunas', 135000, '11'),
(928, 695, '20', '', 'Lunas', 135000, '11'),
(929, 698, '20', '', 'Lunas', 135000, '11'),
(930, 703, '20', '', 'Lunas', 135000, '11'),
(931, 705, '20', '', 'Lunas', 135000, '11'),
(932, 706, '20', '', 'Lunas', 135000, '11'),
(933, 707, '20', '', 'Lunas', 135000, '11'),
(934, 709, '20', '', 'Lunas', 135000, '11'),
(935, 711, '20', '', 'Lunas', 135000, '11'),
(936, 718, '20', '', 'Lunas', 135000, '11'),
(937, 720, '20', '', 'Lunas', 135000, '11'),
(938, 706, '21', '', 'Lunas', 135000, '11'),
(939, 707, '21', '', 'Lunas', 135000, '11'),
(940, 711, '21', '', 'Lunas', 135000, '11'),
(941, 706, '22', '', 'Lunas', 135000, '11'),
(942, 707, '22', '', 'Lunas', 135000, '11'),
(943, 724, '18', '', 'Lunas', 135000, '11'),
(944, 726, '18', '', 'Lunas', 135000, '11'),
(945, 727, '18', '', 'Lunas', 135000, '11'),
(946, 728, '18', '', 'Lunas', 135000, '11'),
(947, 731, '18', '', 'Lunas', 135000, '11'),
(948, 732, '18', '', 'Lunas', 135000, '11'),
(949, 733, '18', '', 'Proses', 35000, '11'),
(950, 734, '18', '', 'Lunas', 135000, '11'),
(951, 735, '18', '', 'Lunas', 135000, '11'),
(952, 738, '18', '', 'Lunas', 135000, '11'),
(953, 739, '18', '', 'Lunas', 135000, '11'),
(954, 740, '18', '', 'Lunas', 135000, '11'),
(955, 741, '18', '', 'Lunas', 135000, '11'),
(956, 742, '18', '', 'Lunas', 135000, '11'),
(957, 743, '18', '', 'Lunas', 135000, '11'),
(958, 745, '18', '', 'Lunas', 135000, '11'),
(959, 746, '18', '', 'Lunas', 135000, '11'),
(960, 747, '18', '', 'Lunas', 135000, '11'),
(961, 748, '18', '', 'Lunas', 135000, '11'),
(962, 749, '18', '', 'Lunas', 135000, '11'),
(963, 750, '18', '', 'Lunas', 135000, '11'),
(964, 751, '18', '', 'Lunas', 135000, '11'),
(965, 752, '18', '', 'Lunas', 135000, '11'),
(966, 724, '19', '', 'Lunas', 135000, '11'),
(967, 726, '19', '', 'Lunas', 135000, '11'),
(968, 727, '19', '', 'Lunas', 135000, '11'),
(969, 728, '19', '', 'Lunas', 135000, '11'),
(970, 732, '19', '', 'Lunas', 135000, '11'),
(971, 733, '19', '', 'Proses', 35000, '11'),
(972, 734, '19', '', 'Lunas', 135000, '11'),
(973, 738, '19', '', 'Lunas', 135000, '11'),
(974, 739, '19', '', 'Lunas', 135000, '11'),
(975, 740, '19', '', 'Proses', 35000, '11'),
(976, 741, '19', '', 'Lunas', 135000, '11'),
(977, 742, '19', '', 'Lunas', 135000, '11'),
(978, 743, '19', '', 'Lunas', 135000, '11'),
(979, 745, '19', '', 'Lunas', 135000, '11'),
(980, 747, '19', '', 'Lunas', 135000, '11'),
(981, 748, '19', '', 'Lunas', 135000, '11'),
(982, 749, '19', '', 'Lunas', 135000, '11'),
(983, 750, '19', '', 'Lunas', 135000, '11'),
(984, 751, '19', '', 'Lunas', 135000, '11'),
(985, 752, '19', '', 'Lunas', 135000, '11'),
(986, 727, '20', '', 'Lunas', 135000, '11'),
(987, 738, '20', '', 'Lunas', 135000, '11'),
(988, 742, '20', '', 'Lunas', 135000, '11'),
(989, 742, '21', '', 'Lunas', 135000, '11'),
(990, 742, '22', '', 'Lunas', 135000, '11'),
(991, 777, '18', '', 'Lunas', 135000, '11'),
(992, 778, '18', '', 'Lunas', 135000, '11'),
(993, 779, '18', '', 'Lunas', 135000, '11'),
(994, 780, '18', '', 'Lunas', 135000, '11'),
(995, 781, '18', '', 'Lunas', 135000, '11'),
(996, 783, '18', '', 'Lunas', 135000, '11'),
(997, 784, '18', '', 'Lunas', 135000, '11'),
(998, 785, '18', '', 'Lunas', 135000, '11'),
(999, 786, '18', '', 'Lunas', 135000, '11'),
(1000, 787, '18', '', 'Lunas', 135000, '11'),
(1001, 788, '18', '', 'Lunas', 135000, '11'),
(1002, 789, '18', '', 'Lunas', 135000, '11'),
(1003, 790, '18', '', 'Lunas', 135000, '11'),
(1004, 791, '18', '', 'Lunas', 135000, '11'),
(1005, 792, '18', '', 'Proses', 35000, '11'),
(1006, 793, '18', '', 'Lunas', 135000, '11'),
(1007, 794, '18', '', 'Lunas', 135000, '11'),
(1008, 795, '18', '', 'Lunas', 135000, '11'),
(1009, 796, '18', '', 'Lunas', 135000, '11'),
(1010, 797, '18', '', 'Lunas', 135000, '11'),
(1011, 798, '18', '', 'Lunas', 135000, '11'),
(1012, 799, '18', '', 'Lunas', 135000, '11'),
(1013, 800, '18', '', 'Lunas', 135000, '11'),
(1014, 801, '18', '', 'Lunas', 135000, '11'),
(1015, 802, '18', '', 'Lunas', 135000, '11'),
(1016, 803, '18', '', 'Lunas', 135000, '11'),
(1017, 804, '18', '', 'Lunas', 135000, '11'),
(1018, 806, '18', '', 'Lunas', 135000, '11'),
(1019, 807, '18', '', 'Lunas', 135000, '11'),
(1020, 808, '18', '', 'Lunas', 135000, '11'),
(1021, 777, '19', '', 'Lunas', 135000, '11'),
(1022, 778, '19', '', 'Lunas', 135000, '11'),
(1023, 779, '19', '', 'Lunas', 135000, '11'),
(1024, 780, '19', '', 'Lunas', 135000, '11'),
(1025, 781, '19', '', 'Lunas', 135000, '11'),
(1026, 784, '19', '', 'Lunas', 135000, '11'),
(1027, 786, '19', '', 'Lunas', 135000, '11'),
(1028, 787, '19', '', 'Lunas', 135000, '11'),
(1029, 788, '19', '', 'Lunas', 135000, '11'),
(1030, 789, '19', '', 'Lunas', 135000, '11'),
(1031, 790, '19', '', 'Lunas', 135000, '11'),
(1032, 791, '19', '', 'Lunas', 135000, '11'),
(1033, 792, '19', '', 'Proses', 35000, '11'),
(1034, 793, '19', '', 'Lunas', 135000, '11'),
(1035, 794, '19', '', 'Lunas', 135000, '11'),
(1036, 795, '19', '', 'Lunas', 135000, '11'),
(1037, 796, '19', '', 'Lunas', 135000, '11'),
(1038, 797, '19', '', 'Lunas', 135000, '11'),
(1039, 798, '19', '', 'Lunas', 135000, '11'),
(1040, 799, '19', '', 'Lunas', 135000, '11'),
(1041, 800, '19', '', 'Lunas', 135000, '11'),
(1042, 801, '19', '', 'Lunas', 135000, '11'),
(1043, 802, '19', '', 'Lunas', 135000, '11'),
(1044, 804, '19', '', 'Lunas', 135000, '11'),
(1045, 806, '19', '', 'Proses', 13500, '11'),
(1046, 807, '19', '', 'Lunas', 135000, '11'),
(1047, 808, '19', '', 'Lunas', 135000, '11'),
(1048, 778, '20', '', 'Lunas', 135000, '11'),
(1049, 784, '20', '', 'Lunas', 135000, '11'),
(1050, 796, '20', '', 'Lunas', 135000, '11'),
(1051, 801, '20', '', 'Lunas', 135000, '11'),
(1052, 804, '20', '', 'Lunas', 135000, '11'),
(1053, 808, '20', '', 'Lunas', 135000, '11'),
(1054, 784, '21', '', 'Lunas', 135000, '11'),
(1055, 808, '21', '', 'Lunas', 135000, '11'),
(1056, 808, '22', '', 'Lunas', 135000, '11'),
(1057, 753, '18', '', 'Lunas', 135000, '11'),
(1058, 755, '18', '', 'Lunas', 135000, '11'),
(1059, 756, '18', '', 'Lunas', 135000, '11'),
(1060, 757, '18', '', 'Proses', 70000, '11'),
(1061, 759, '18', '', 'Lunas', 135000, '11'),
(1062, 761, '18', '', 'Lunas', 135000, '11'),
(1063, 762, '18', '', 'Lunas', 135000, '11'),
(1064, 763, '18', '', 'Lunas', 135000, '11'),
(1065, 764, '18', '', 'Lunas', 135000, '11'),
(1066, 765, '18', '', 'Lunas', 135000, '11'),
(1067, 766, '18', '', 'Proses', 35000, '11'),
(1068, 768, '18', '', 'Lunas', 135000, '11'),
(1069, 769, '18', '', 'Lunas', 135000, '11'),
(1070, 770, '18', '', 'Lunas', 135000, '11'),
(1071, 771, '18', '', 'Lunas', 135000, '11'),
(1072, 773, '18', '', 'Lunas', 135000, '11'),
(1073, 774, '18', '', 'Lunas', 135000, '11'),
(1074, 775, '18', '', 'Lunas', 135000, '11');

-- --------------------------------------------------------

--
-- Struktur dari tabel `tb_semester`
--

CREATE TABLE `tb_semester` (
  `id_semester` int(11) NOT NULL,
  `semester` varchar(50) NOT NULL
) ENGINE=MyISAM DEFAULT CHARSET=latin1;

--
-- Dumping data untuk tabel `tb_semester`
--

INSERT INTO `tb_semester` (`id_semester`, `semester`) VALUES
(1, 'GASAL'),
(2, 'GENAP');

-- --------------------------------------------------------

--
-- Struktur dari tabel `tb_siswa`
--

CREATE TABLE `tb_siswa` (
  `id_siswa` int(11) NOT NULL,
  `nis` varchar(11) NOT NULL,
  `nama_siswa` varchar(50) NOT NULL,
  `kelas` varchar(11) NOT NULL,
  `jurusan` varchar(100) NOT NULL,
  `foto` varchar(50) NOT NULL
) ENGINE=MyISAM DEFAULT CHARSET=latin1;

--
-- Dumping data untuk tabel `tb_siswa`
--

INSERT INTO `tb_siswa` (`id_siswa`, `nis`, `nama_siswa`, `kelas`, `jurusan`, `foto`) VALUES
(565, '21.02.560', 'ADRIAN AZAKA AL SHIDIQ', 'X ', 'MM PUTRA', ''),
(566, '21.02.561', 'AHMAD ADZKAL ALBAB', 'X ', 'MM PUTRA', ''),
(567, '21.02.562', 'AHMAD LUBBI SYAUKAN', 'X ', 'MM PUTRA', ''),
(568, '21.02.563', 'AHMAD NUR AZIZ', 'X ', 'MM PUTRA', ''),
(569, '21.02.564', 'AHMAD UBAIDUR ROSYID AL KAMAL', 'X ', 'MM PUTRA', ''),
(570, '21.02.565', 'AHNAF SOLAHUDIN', 'X ', 'MM PUTRA', ''),
(571, '21.02.566', 'AKMAL SYARIF', 'X ', 'MM PUTRA', ''),
(572, '21.02.567', 'AQIL FAWWAZ', 'X ', 'MM PUTRA', ''),
(573, '21.02.568', 'ARIF SAIFUDDIN', 'X ', 'MM PUTRA', ''),
(574, '21.02.569', 'AZRILIAN FAZA SAPUTRA', 'X ', 'MM PUTRA', ''),
(575, '21.02.570', 'DANANG DWI ANDIKA', 'X ', 'MM PUTRA', ''),
(576, '21.02.571', 'DHENIS RADHITYA CHRISNANDA', 'X ', 'MM PUTRA', ''),
(577, '21.02.572', 'ILHAM AHSANUL ALWI', 'X ', 'MM PUTRA', ''),
(578, '21.02.574', 'M. NURIS AZWAZ LANASSIFA', 'X ', 'MM PUTRA', ''),
(579, '21.02.579', 'MOHAMMAD AINUN NUZUL', 'X ', 'MM PUTRA', ''),
(580, '21.02.576', 'MUHAMMAD ABDULLAH ZAINI', 'X ', 'MM PUTRA', ''),
(581, '21.02.578', 'MUHAMMAD AGUS TIYAS AL FARIZI', 'X ', 'MM PUTRA', ''),
(582, '21.02.580', 'MUHAMMAD ARIFIN ILHAM', 'X ', 'MM PUTRA', ''),
(583, '21.02.581', 'MUHAMMAD DEDI KURNIAWAN', 'X ', 'MM PUTRA', ''),
(584, '21.02.582', 'MUHAMMAD FAJAR FARHANI', 'X ', 'MM PUTRA', ''),
(585, '21.02.583', 'MUHAMMAD FATKHUR ROHIM', 'X ', 'MM PUTRA', ''),
(586, '21.02.584', 'MUHAMMAD KAFI MUKTAFI', 'X ', 'MM PUTRA', ''),
(587, '21.02.585', 'MUHAMMAD MAULANA IBRAHIM ALFAIZ', 'X ', 'MM PUTRA', ''),
(588, '21.02.586', 'MUHAMMAD MUHTAR KHUNDORI', 'X ', 'MM PUTRA', ''),
(589, '21.02.587', 'MUHAMMAD NURUL HUDA', 'X ', 'MM PUTRA', ''),
(590, '21.02.588', 'MUHAMMAD RIO SAPUTRA', 'X ', 'MM PUTRA', ''),
(591, '21.02.589', 'MUHAMMAD UMAR SAID', 'X ', 'MM PUTRA', ''),
(592, '21.02.590', 'NASRUL MUNIF ALFALAH', 'X ', 'MM PUTRA', ''),
(593, '21.02.591', 'RAHMAN QHOIRUL IFWAL', 'X ', 'MM PUTRA', ''),
(594, '21.02.592', 'ROYZACK AHMAD AL MABAROK', 'X ', 'MM PUTRA', ''),
(595, '21.02.593', 'SAFIUL ANAM', 'X ', 'MM PUTRA', ''),
(596, '21.02.594', 'SLAMET BUSTANUL IKHSAN', 'X ', 'MM PUTRA', ''),
(597, '21.02.595', 'TAUFIKUR ROHMAN', 'X ', 'MM PUTRA', ''),
(598, '21.02.596', 'WILDAN HABIBUR ROHMAN', 'X ', 'MM PUTRA', ''),
(599, '21.02.597', 'ZAQI MAULANA SAEPUTRA', 'X ', 'MM PUTRA', ''),
(600, '21.02.598', 'MUQOFFA ABDUR ROSYID', 'X ', 'MM PUTRA', ''),
(601, '21.01.515', 'AFILIA AZALUL HUSNA', 'X ', 'MM PUTRI', ''),
(602, '21.01.517', 'ALFIA MAGHFIROH', 'X ', 'MM PUTRI', ''),
(603, '21.01.519', 'ALLIAH NUR AINI', 'X ', 'MM PUTRI', ''),
(604, '21.01.520', 'ALVA LUCYA KAMILA', 'X ', 'MM PUTRI', ''),
(605, '21.01.521', 'ALYA HIDAYATUN NISA', 'X ', 'MM PUTRI', ''),
(606, '21.01.522', 'AMBAR WIDIA NINGSIH', 'X ', 'MM PUTRI', ''),
(607, '21.01.523', 'ANIYATUL HASNA', 'X ', 'MM PUTRI', ''),
(608, '21.01.524', 'APRILIA DEVI WULANDARI', 'X ', 'MM PUTRI', ''),
(609, '21.01.525', 'ARIFATUS SYURIAH', 'X ', 'MM PUTRI', ''),
(610, '21.01.526', 'AULIA ILMIATI', 'X ', 'MM PUTRI', ''),
(611, '21.01.527', 'DIAH EKA NUR RAMADHANI', 'X ', 'MM PUTRI', ''),
(612, '21.01.528', 'EVA TRIANA SARI', 'X ', 'MM PUTRI', ''),
(613, '21.01.529', 'FENIA SRI WAHYUNINGSIH', 'X ', 'MM PUTRI', ''),
(614, '21.01.530', 'HALIMATUL AULIA NUR FAIZAH', 'X ', 'MM PUTRI', ''),
(615, '21.01.531', 'IMROATUS SOLEKHAH', 'X ', 'MM PUTRI', ''),
(616, '21.01.532', 'INTAN FAIZATUN NAFIAH', 'X ', 'MM PUTRI', ''),
(617, '21.01.533', 'IVA AULIYA', 'X ', 'MM PUTRI', ''),
(618, '21.01.534', 'IZZATI KHOIRINA UMAMI', 'X ', 'MM PUTRI', ''),
(619, '21.01.535', 'KHABIBAH AMALIYAH', 'X ', 'MM PUTRI', ''),
(620, '21.01.536', 'KHOEROTUN NAFIAH', 'X ', 'MM PUTRI', ''),
(621, '21.01.537', 'LATIFATUL LAZIMAH', 'X ', 'MM PUTRI', ''),
(622, '21.01.539', 'NAELA DEWI YULIYANTI', 'X ', 'MM PUTRI', ''),
(623, '21.01.540', 'NINA NUR LAELA', 'X ', 'MM PUTRI', ''),
(624, '21.01.541', 'NUR PUSPITASARI', 'X ', 'MM PUTRI', ''),
(625, '21.01.543', 'RENI NICA PERMATA', 'X ', 'MM PUTRI', ''),
(626, '21.01.544', 'SHARRI PUTERI', 'X ', 'MM PUTRI', ''),
(627, '21.01.546', 'SITI DEWI RAHMAWATI', 'X ', 'MM PUTRI', ''),
(628, '21.01.547', 'SITI FARIDATUL AFIFAH', 'X ', 'MM PUTRI', ''),
(629, '21.01.548', 'SITI FATIMATUN NIKMAH', 'X ', 'MM PUTRI', ''),
(630, '21.01.549', 'SITI INAROTUN NIAYAH', 'X ', 'MM PUTRI', ''),
(631, '21.01.550', 'SITI NUR AISYAH', 'X ', 'MM PUTRI', ''),
(632, '21.01.551', 'SITI NURALIZA', 'X ', 'MM PUTRI', ''),
(633, '21.01.552', 'SITI NURKHOLIFAH', 'X ', 'MM PUTRI', ''),
(634, '21.01.553', 'SITI RAHMAWATI', 'X ', 'MM PUTRI', ''),
(635, '21.01.555', 'TIARA IZZANUL MAGHFIROH', 'X ', 'MM PUTRI', ''),
(636, '21.01.556', 'TIKA NOVIYANA', 'X ', 'MM PUTRI', ''),
(637, '21.03.632', 'AHMAD AFFAN FARID', 'X ', 'TKRO', ''),
(638, '21.03.601', 'AHMAD AKTA SUGENG RIYADI', 'X ', 'TKRO', ''),
(639, '21.03.602', 'AHMAD DANI YUSRIL AMRI', 'X ', 'TKRO', ''),
(640, '21.03.603', 'AHMAD DIKA MUBAROK', 'X ', 'TKRO', ''),
(641, '21.03.604', 'AHMAD FALAHUDIN', 'X ', 'TKRO', ''),
(642, '21.03.605', 'AHMAD KHOIRUL ANAM', 'X ', 'TKRO', ''),
(643, '21.03.631', 'AKBAR SAPUTRA', 'X ', 'TKRO', ''),
(644, '21.03.607', 'AKHMAD ALBAROYA', 'X ', 'TKRO', ''),
(645, '21.03.633', 'ANWARUL MASALIK', 'X ', 'TKRO', ''),
(646, '21.03.608', 'ARIL AULA DIKA MUBAROK', 'X ', 'TKRO', ''),
(647, '21.03.609', 'FARIH WAJDI MAULANA', 'X ', 'TKRO', ''),
(648, '21.03.610', 'FIKRI ADITYA', 'X ', 'TKRO', ''),
(649, '21.03.611', 'GALIH ADITYA PRATAMA', 'X ', 'TKRO', ''),
(650, '21.03.612', 'IFAN MAULANA AHMAD', 'X ', 'TKRO', ''),
(651, '21.03.613', 'LATIF MAULANA', 'X ', 'TKRO', ''),
(652, '21.03.614', 'M. MANBAUL RIZQI', 'X ', 'TKRO', ''),
(653, '21.03.630', 'MARVINE ABDULLAH MUFLIH', 'X ', 'TKRO', ''),
(654, '21.03.615', 'MUHAMAD FAISAL HUDA', 'X ', 'TKRO', ''),
(655, '21.03.623', 'MUHAMMAD ALFI MUBAROK', 'X ', 'TKRO', ''),
(656, '21.03.616', 'MUHAMMAD ALI MUSTAAN', 'X ', 'TKRO', ''),
(657, '21.03.617', 'MUHAMMAD FAJAR ALAMSYAH', 'X ', 'TKRO', ''),
(658, '21.03.634', 'MUHAMMAD HAMIM JAZULI', 'X ', 'TKRO', ''),
(659, '21.03.618', 'MUHAMMAD IRKHAM MAULANA', 'X ', 'TKRO', ''),
(660, '21.03.619', 'MUHAMMAD LUTFI NURDIANSYAH', 'X ', 'TKRO', ''),
(661, '21.03.620', 'MUHAMMAD MAFTUKAN', 'X ', 'TKRO', ''),
(662, '21.03.621', 'MUHAMMAD MAFTUKIN', 'X ', 'TKRO', ''),
(663, '21.03.622', 'MUHAMMAD YUSUF KALLA', 'X ', 'TKRO', ''),
(664, '21.03.624', 'MUKHAMMAD FIRDAUS', 'X ', 'TKRO', ''),
(665, '21.03.626', 'SAFIUL MUJAB', 'X ', 'TKRO', ''),
(666, '21.03.627', 'TEGAR FARID SUBASTIAN ', 'X ', 'TKRO', ''),
(667, '21.03.629', 'WAHYU UTOMO', 'X ', 'TKRO', ''),
(668, '21.03.628', 'WATSIIQ', 'X ', 'TKRO', ''),
(669, '20.02.350', 'AHMAD CHOIRUL FATIHIN', 'XI ', 'MM PUTRA', ''),
(670, '20.02.351', 'AHMAD MUKROM', 'XI ', 'MM PUTRA', ''),
(671, '20.02.352', 'AHMAD NUGROHO AMIN', 'XI ', 'MM PUTRA', ''),
(672, '20.02.353', 'AHMAD ZAIDAN HADI', 'XI ', 'MM PUTRA', ''),
(673, '20.02.355', 'BURHANUDDIN NAZRIL SATRIO', 'XI ', 'MM PUTRA', ''),
(674, '20.02.356', 'FAHLUL IZZAL NISHFA', 'XI ', 'MM PUTRA', ''),
(675, '20.02.357', 'FAIS IRFAN MAULANA', 'XI ', 'MM PUTRA', ''),
(676, '20.02.377', 'INDRA SUGIYANTO', 'XI ', 'MM PUTRA', ''),
(677, '20.02.358', 'KHOIRIL ILHAM', 'XI ', 'MM PUTRA', ''),
(678, '20.02.359', 'M. DZULHAIKAL IKMAL', 'XI ', 'MM PUTRA', ''),
(679, '20.02.363', 'MUHAMAD ARFI NAZIM HAQQANI', 'XI ', 'MM PUTRA', ''),
(680, '20.02.360', 'MUHAMAD HAIRUMMUNASIHIN', 'XI ', 'MM PUTRA', ''),
(681, '20.02.366', 'MUHAMAD KASAN MUHTAROM', 'XI ', 'MM PUTRA', ''),
(682, '20.02.367', 'MUHAMAD KHOIRUL NIAM', 'XI ', 'MM PUTRA', ''),
(683, '20.02.369', 'MUHAMAD SHAHRUL AWALUDIN', 'XI ', 'MM PUTRA', ''),
(684, '20.02.362', 'MUHAMMAD ABDUL MALIK', 'XI ', 'MM PUTRA', ''),
(685, '20.02.364', 'MUHAMMAD ARIFIN AFENDI', 'XI ', 'MM PUTRA', ''),
(686, '20.02.365', 'MUHAMMAD KAMAL HIKAM', 'XI ', 'MM PUTRA', ''),
(687, '20.02.370', 'MUHAMMAD SYARUL NURROHIM', 'XI ', 'MM PUTRA', ''),
(688, '20.02.371', 'MUHAMMAD UMAR AL FAROQ', 'XI ', 'MM PUTRA', ''),
(689, '20.02.376', 'MUKAMAD ARIF SHAPUTRO', 'XI ', 'MM PUTRA', ''),
(690, '20.02.372', 'NANDI LUTFI', 'XI ', 'MM PUTRA', ''),
(691, '20.02.373', 'NUR LANA FAIZ', 'XI ', 'MM PUTRA', ''),
(692, '20.02.374', 'NURUL ICHROZAL MA ALI', 'XI ', 'MM PUTRA', ''),
(693, '20.02.375', 'SHOHIBUL AFIN', 'XI ', 'MM PUTRA', ''),
(694, '20.01.480', 'ANA QOIRUL NIKMAH', 'XI ', 'MM PUTRI', ''),
(695, '20.01.481', 'ANNISA AWWALIA ZULFA', 'XI ', 'MM PUTRI', ''),
(696, '20.01.482', 'BELLA ROZA', 'XI ', 'MM PUTRI', ''),
(697, '20.01.483', 'BUNGA PUSPITA AYU SEKAR SARI', 'XI ', 'MM PUTRI', ''),
(698, '20.01.484', 'CHAFITA RISQI SETIYANI', 'XI ', 'MM PUTRI', ''),
(699, '20.01.510', 'DALIS MAWATI', 'XI ', 'MM PUTRI', ''),
(700, '20.01.486', 'INTAN DWI WIDYA SARI', 'XI ', 'MM PUTRI', ''),
(701, '20.01.511', 'JENNY FADILA REVONDA', 'XI ', 'MM PUTRI', ''),
(702, '20.01.487', 'KAMILATUL AZAROH', 'XI ', 'MM PUTRI', ''),
(703, '20.01.488', 'LAILI SAHAYATUL AFIDAH', 'XI ', 'MM PUTRI', ''),
(704, '20.01.489', 'LISSA NIMATUNNADA', 'XI ', 'MM PUTRI', ''),
(705, '20.01.492', 'LIYA ANDRIYANI', 'XI ', 'MM PUTRI', ''),
(706, '20.01.493', 'LUTHFIYANA NABILATUL NISA', 'XI ', 'MM PUTRI', ''),
(707, '20.01.494', 'MUAYIDAH', 'XI ', 'MM PUTRI', ''),
(708, '20.01.512', 'MUNA FUADI SOFI', 'XI ', 'MM PUTRI', ''),
(709, '20.01.495', 'NADIA WULANDARI', 'XI ', 'MM PUTRI', ''),
(710, '20.01.509', 'NAJWA KHOLIFATUL MAGHFIROH', 'XI ', 'MM PUTRI', ''),
(711, '20.01.496', 'NIHAYATUN NIKMAH', 'XI ', 'MM PUTRI', ''),
(712, '20.01.497', 'NILAM RAHMAWATI', 'XI ', 'MM PUTRI', ''),
(713, '20.01.498', 'NISAUR ROHMAH', 'XI ', 'MM PUTRI', ''),
(714, '20.01.499', 'NISAWATUR ROHMAH', 'XI ', 'MM PUTRI', ''),
(715, '20.01.500', 'NOVA AULIA NUR', 'XI ', 'MM PUTRI', ''),
(716, '20.01.501', 'NUR ANISAATUL HILMA', 'XI ', 'MM PUTRI', ''),
(717, '20.01.502', 'RISKA SHOLEKAH', 'XI ', 'MM PUTRI', ''),
(718, '20.01.503', 'ROBITHOTUL HAQ ATTAZKIYYA', 'XI ', 'MM PUTRI', ''),
(719, '20.01.504', 'SILFITA MUSLIKAH', 'XI ', 'MM PUTRI', ''),
(720, '20.01.505', 'SITI MUNASIKAH', 'XI ', 'MM PUTRI', ''),
(721, '20.01.508', 'SITI ZULFAH', 'XI ', 'MM PUTRI', ''),
(722, '20.01.507', 'TIARA AGUSTIN NURUL AINI', 'XI ', 'MM PUTRI', ''),
(723, '20.03.372', 'ABDIR ROHIM', 'XI ', 'TKRO', ''),
(724, '20.03.371', 'ABDUL MALIK', 'XI ', 'TKRO', ''),
(725, '20.03.373', 'ACHMAD MUJAELAN', 'XI ', 'TKRO', ''),
(726, '20.03.374', 'ADI ALFA ISA', 'XI ', 'TKRO', ''),
(727, '20.03.376', 'ADITYA FERNANDO SUKMONO', 'XI ', 'TKRO', ''),
(728, '20.03.377', 'AFIF FIKRI IVAN RIKIYAWAN', 'XI ', 'TKRO', ''),
(729, '20.03.378', 'AHMAD ISMAIL', 'XI ', 'TKRO', ''),
(730, '20.03.379', 'AKBAR LUKMAN KHAKIM', 'XI ', 'TKRO', ''),
(731, '20.03.381', 'FASTABIKHUL UMAM', 'XI ', 'TKRO', ''),
(732, '20.03.382', 'FATHUL MUIN', 'XI ', 'TKRO', ''),
(733, '20.03.383', 'FEBRI RICO ARDIANSYAH', 'XI ', 'TKRO', ''),
(734, '20.03.384', 'HUDA BRAMANTIO RAUDIFIS', 'XI ', 'TKRO', ''),
(735, '20.03.385', 'ICHSANUL AMAL', 'XI ', 'TKRO', ''),
(736, '20.03.403', 'MUHAMAD ABAL MUDOFAR', 'XI ', 'TKRO', ''),
(737, '20.03.390', 'MUHAMAD JUNAEDI', 'XI ', 'TKRO', ''),
(738, '20.03.393', 'MUHAMAD NURUL KHIKAM', 'XI ', 'TKRO', ''),
(739, '20.03.405', 'MUHAMMAD ABDUL SOMAD', 'XI ', 'TKRO', ''),
(740, '20.03.388', 'MUHAMMAD FADLLUL KABIR', 'XI ', 'TKRO', ''),
(741, '20.03.389', 'MUHAMMAD IHSAN NUR AL FAQIH', 'XI ', 'TKRO', ''),
(742, '20.03.386', 'MUHAMMAD JOKO SATRIYO', 'XI ', 'TKRO', ''),
(743, '20.03.391', 'MUHAMMAD LUTFI', 'XI ', 'TKRO', ''),
(744, '20.03.402', 'MUHAMMAD MUSBIKHIN', 'XI ', 'TKRO', ''),
(745, '20.03.392', 'MUHAMMAD NUR EFENDI', 'XI ', 'TKRO', ''),
(746, '20.03.387', 'MUHAMMAD NURIHSAN', 'XI ', 'TKRO', ''),
(747, '20.03.394', 'MUHAMMAD RAFIUL MAJID', 'XI ', 'TKRO', ''),
(748, '20.03.395', 'MUHAMMAD TAUFIQ HIDAYAD', 'XI ', 'TKRO', ''),
(749, '20.03.397', 'NURUL AHSAN', 'XI ', 'TKRO', ''),
(750, '20.03.398', 'RESTU ANGGI ARDIANTO', 'XI ', 'TKRO', ''),
(751, '20.03.399', 'RIFKI AHMAD MAULANA', 'XI ', 'TKRO', ''),
(752, '20.03.400', 'SAMSUL MUNIR', 'XI ', 'TKRO', ''),
(753, '19.02.319', 'AHMAD KHASANUDDIN', 'XII ', 'MM PUTRA', ''),
(754, '19.02.320', 'AHMAD MUZAKY', 'XII ', 'MM PUTRA', ''),
(755, '19.02.321', 'AHMAD NABIL MUBAROK', 'XII ', 'MM PUTRA', ''),
(756, '19.02.322', 'AHMAD TAUFIKURROHMAN', 'XII ', 'MM PUTRA', ''),
(757, '19.02.323', 'AKBAR RINDHOI', 'XII ', 'MM PUTRA', ''),
(758, '19.02.324', 'AKHMAD ALVIN HIDAYATULLAH', 'XII ', 'MM PUTRA', ''),
(759, '19.02.325', 'ALI MAHFUD', 'XII ', 'MM PUTRA', ''),
(760, '19.02.326', 'ARJUNIAM MAULANA', 'XII ', 'MM PUTRA', ''),
(761, '19.02.327', 'DIMAS MAULANA IBRAHIM', 'XII ', 'MM PUTRA', ''),
(762, '19.02.328', 'EKI MAULANA IKHSANUDIN', 'XII ', 'MM PUTRA', ''),
(763, '19.02.346', 'HUSNIL BADDI', 'XII ', 'MM PUTRA', ''),
(764, '19.02.330', 'IRFAN SYEKH ABDILLAH', 'XII ', 'MM PUTRA', ''),
(765, '19.02.332', 'LUTFIL HAKIM', 'XII ', 'MM PUTRA', ''),
(766, '19.02.335', 'MIQDAD RIDHO AL FIKRI', 'XII ', 'MM PUTRA', ''),
(767, '19.02.336', 'MOHAMMAD SUBAKHUL IZAQI', 'XII ', 'MM PUTRA', ''),
(768, '19.02.347', 'MUHAMAD FAHRUDIN KAMIL', 'XII ', 'MM PUTRA', ''),
(769, '19.02.337', 'MUHAMMAD CHOIRUN NADZIF', 'XII ', 'MM PUTRA', ''),
(770, '19.02.338', 'MUHAMMAD HISYAM BAHAUDDIN', 'XII ', 'MM PUTRA', ''),
(771, '19.02.334', 'MUHAMMAD YASSIR AMRINAL FAUZA', 'XII ', 'MM PUTRA', ''),
(772, '19.02.339', 'NUR BADRUT TAMAM', 'XII ', 'MM PUTRA', ''),
(773, '19.02.341', 'RUSLIL HAKIM', 'XII ', 'MM PUTRA', ''),
(774, '19.02.342', 'SUKRON FADLI', 'XII ', 'MM PUTRA', ''),
(775, '19.02.343', 'SYAMSUL HILAL', 'XII ', 'MM PUTRA', ''),
(776, '19.02.344', 'ZIDANE WAHYU ARTHA CAHYADZAN', 'XII ', 'MM PUTRA', ''),
(777, '19.01.440', 'AINI FATIKHATUL MUNA', 'XII ', 'MM PUTRI', ''),
(778, '19.01.441', 'ALAINA MAWADDAH', 'XII ', 'MM PUTRI', ''),
(779, '19.01.443', 'ALYA AMELIA', 'XII ', 'MM PUTRI', ''),
(780, '19.01.444', 'ANA FITROTUL FATIKA', 'XII ', 'MM PUTRI', ''),
(781, '19.01.445', 'ANI WIDAYANTI', 'XII ', 'MM PUTRI', ''),
(782, '19.01.446', 'ANIYATUR RAHMAWATI', 'XII ', 'MM PUTRI', ''),
(783, '19.01.447', 'ANNISA FITRI RACHMAWATI', 'XII ', 'MM PUTRI', ''),
(784, '19.01.448', 'DELIA INTAN NUR CAHYA', 'XII ', 'MM PUTRI', ''),
(785, '19.01.449', 'FADIATUN MUSALLAMAH', 'XII ', 'MM PUTRI', ''),
(786, '19.01.476', 'FINA FAUZIYAH', 'XII ', 'MM PUTRI', ''),
(787, '19.01.451', 'IDA SYARIFATUL MUJAHIDAH', 'XII ', 'MM PUTRI', ''),
(788, '19.01.475', 'IKA ISMATUL HAWA', 'XII ', 'MM PUTRI', ''),
(789, '19.01.452', 'ISMIYATI', 'XII ', 'MM PUTRI', ''),
(790, '19.01.454', 'LINA FATHIKHATUL ULYA', 'XII ', 'MM PUTRI', ''),
(791, '19.01.455', 'LISTIYA SYOFI AMALIA', 'XII ', 'MM PUTRI', ''),
(792, '19.01.456', 'NABILAH SYAWALIA KININDRA PUTRI', 'XII ', 'MM PUTRI', ''),
(793, '19.01.457', 'NAILI DURROTUN NIKMAH', 'XII ', 'MM PUTRI', ''),
(794, '19.01.458', 'NALA SADIAH', 'XII ', 'MM PUTRI', ''),
(795, '19.01.459', 'NATASYA CHOIRUNNISA', 'XII ', 'MM PUTRI', ''),
(796, '19.01.461', 'NURIL KHIKMAWATI', 'XII ', 'MM PUTRI', ''),
(797, '19.01.462', 'NURUL KINANA', 'XII ', 'MM PUTRI', ''),
(798, '19.01.463', 'RIKHA RIZKI AMALIA', 'XII ', 'MM PUTRI', ''),
(799, '19.01.464', 'RINA FAIKHOTUL HIMMAH', 'XII ', 'MM PUTRI', ''),
(800, '19.01.465', 'RISA AULIA', 'XII ', 'MM PUTRI', ''),
(801, '19.01.466', 'ROSITA', 'XII ', 'MM PUTRI', ''),
(802, '19.01.467', 'SAHRANI MAULIDA MUFARIKAH', 'XII ', 'MM PUTRI', ''),
(803, '19.01.468', 'SALAMATUL INSYANIYAH', 'XII ', 'MM PUTRI', ''),
(804, '19.01.469', 'SHALSABILA CHOIRUNNISA', 'XII ', 'MM PUTRI', ''),
(805, '19.01.470', 'SISKA OKTAVIANI HIDAYAH', 'XII ', 'MM PUTRI', ''),
(806, '19.01.472', 'SYAFRINA AULIYAH', 'XII ', 'MM PUTRI', ''),
(807, '19.01.473', 'ZUMROTUL KASANAH', 'XII ', 'MM PUTRI', ''),
(808, '19.01.474', 'ZUSI RAHMAWATI', 'XII ', 'MM PUTRI', ''),
(809, '19.03.321', 'AAN KHOLIS SHOTILLAH', 'XII  1', 'TKRO', ''),
(810, '19.03.322', 'AHMAD NASIR', 'XII  1', 'TKRO', ''),
(811, '19.03.323', 'AHMAD RIZQI BUDI MUZAQQI', 'XII  1', 'TKRO', ''),
(812, '19.03.320', 'AHMAD ZAKI BASA', 'XII  1', 'TKRO', ''),
(813, '19.03.324', 'ALI RIDHO', 'XII  1', 'TKRO', ''),
(814, '19.03.346', 'ARIB ZUHDI ZAENUDIN', 'XII  1', 'TKRO', ''),
(815, '19.03.343', 'IKVAN ARDIANTO', 'XII  1', 'TKRO', ''),
(816, '19.03.347', 'IMAM SAFII', 'XII  1', 'TKRO', ''),
(817, '19.03.325', 'KHOIRUL IMAM', 'XII  1', 'TKRO', ''),
(818, '19.03.327', 'M. MALIK AL ALAWI', 'XII  1', 'TKRO', ''),
(819, '19.03.332', 'MISHBAHUL MUNIR', 'XII  1', 'TKRO', ''),
(820, '19.03.344', 'MUHAMAD NUR RISKI', 'XII  1', 'TKRO', ''),
(821, '19.03.331', 'MUHAMAD SYUKRON GHOZALI', 'XII  1', 'TKRO', ''),
(822, '19.03.333', 'MUHAMMAD ARES SETIAWAN', 'XII  1', 'TKRO', ''),
(823, '19.03.329', 'MUHAMMAD ROFIUL KAMALUDIN', 'XII  1', 'TKRO', ''),
(824, '19.03.330', 'MUHAMMAD SYAIFUDDIN', 'XII  1', 'TKRO', ''),
(825, '19.03.335', 'MUHAMMAD ULIN NUHA', 'XII  1', 'TKRO', ''),
(826, '19.03.336', 'MUHAMMAD ZIDNI ILMA', 'XII  1', 'TKRO', ''),
(827, '19.03.342', 'MUSHOFFA KAMAL', 'XII  1', 'TKRO', ''),
(828, '19.03.345', 'RAHMAD RAMADHANI', 'XII  1', 'TKRO', ''),
(829, '19.03.337', 'RIFKI MUBAROK', 'XII  1', 'TKRO', ''),
(830, '19.03.338', 'RIFQI LUKMAN HAKIM', 'XII  1', 'TKRO', ''),
(831, '19.03.339', 'ROFI AL ADBUDI', 'XII  1', 'TKRO', ''),
(832, '19.03.351', 'SAEPOWOH', 'XII  1', 'TKRO', ''),
(833, '19.03.352', 'AHMAD FIQI', 'XII  2', 'TKRO', ''),
(834, '19.03.353', 'AHMAD ULIN NUHA', 'XII  2', 'TKRO', ''),
(835, '19.03.535', 'AHMAD ZAKI GUFRON', 'XII  2', 'TKRO', ''),
(836, '19.03.355', 'ANDI IRAWAN', 'XII  2', 'TKRO', ''),
(837, '19.03.356', 'DIKA PURNAMA', 'XII  2', 'TKRO', ''),
(838, '19.03.357', 'DIMAS IHDA RIFQI', 'XII  2', 'TKRO', ''),
(839, '19.03.359', 'MIRZA ALI MAHFUD', 'XII  2', 'TKRO', ''),
(840, '19.03.361', 'MOHAMMAD AMIR HIDAYATULLAH', 'XII  2', 'TKRO', ''),
(841, '19.03.533', 'MOHAMMAD RIFAN', 'XII  2', 'TKRO', ''),
(842, '19.03.370', 'MUHAMAD ARIS ALFANI', 'XII  2', 'TKRO', ''),
(843, '19.03.362', 'MUHAMAD IRFAN JAZULI', 'XII  2', 'TKRO', ''),
(844, '19.03.364', 'MUHAMAD ULIL ABSOR', 'XII  2', 'TKRO', ''),
(845, '19.03.358', 'MUHAMMAD MIFTAKHUL FARUQ', 'XII  2', 'TKRO', ''),
(846, '19.03.363', 'MUHAMMAD NURULLOH AL HAQ', 'XII  2', 'TKRO', ''),
(847, '19.03.369', 'MUHAMMAD SYAMSUL HUDA', 'XII  2', 'TKRO', ''),
(848, '19.03.365', 'MUKHAMAD SAIFUDIN', 'XII  2', 'TKRO', ''),
(849, '19.03.367', 'RIZKI NUGROHO', 'XII  2', 'TKRO', ''),
(850, '19.03.368', 'SHAFIUL ANAM', 'XII 2', 'TKRO', ''),
(851, '20.03.406', 'MUHAMMAD NUR FAIZIN', 'XI ', 'TKRO', ''),
(852, '19.03.320', 'Ahmad Zaki Basa', 'XII', 'TKRO 1', ''),
(853, '19.03.321', 'AAN KHOLIS SHOTILLAH', 'XII', 'TKRO 1', ''),
(854, '19.03.322', 'Ahmad Nasir', 'XII', 'TKRO 1', ''),
(855, '19.03.323', 'Ahmad Rizqi Budi Muzaqqi', 'XII', 'TKRO 1', ''),
(856, '19.03.324', 'Ali Ridho', 'XII', 'TKRO 1', ''),
(857, '19.03.325', 'Khoirul Imam', 'XII', 'TKRO 1', ''),
(858, '19.03.327', 'M. Malik Al Alawi', 'XII', 'TKRO 1', ''),
(859, '19.03.329', 'Muhammad Rofiul Kamaludin', 'XII', 'TKRO 1', ''),
(860, '19.03.330', 'MUHAMMAD SYAIFUDDIN', 'XII', 'TKRO 1', ''),
(861, '19.03.331', 'Muhamad Syukron Ghozali', 'XII', 'TKRO 1', ''),
(862, '19.03.332', 'Misbahul Munir', 'XII', 'TKRO 1', ''),
(863, '19.03.333', 'Muhammad Ares Setiawan', 'XII', 'TKRO 1', ''),
(864, '19.03.335', 'MUHAMMAD ULIN NUHA', 'XII', 'TKRO 1', ''),
(865, '19.03.336', 'Muhammad Zidni Ilma', 'XII', 'TKRO 1', ''),
(866, '19.03.337', 'Rifki Mubarok', 'XII', 'TKRO 1', ''),
(867, '19.03.338', 'Rifqi Lukman Hakim', 'XII', 'TKRO 1', ''),
(868, '19.03.339', 'ROFI AL ADBUDI', 'XII', 'TKRO 1', ''),
(869, '19.03.340', 'Saepowoh', 'XII', 'TKRO 1', ''),
(870, '19.03.342', 'Mushoffa Kamal', 'XII', 'TKRO 1', ''),
(871, '19.03.343', 'Ikvan Ardianto', 'XII', 'TKRO 1', ''),
(872, '19.03.344', 'Muhamad Nur Riski', 'XII', 'TKRO 1', ''),
(873, '19.03.345', 'Rahmad Ramadhani', 'XII', 'TKRO 1', ''),
(874, '19.03.346', 'ARIB ZUHDI ZAENUDIN', 'XII', 'TKRO 1', ''),
(875, '19.03.351', 'AHMAD FIQI', 'XII', 'TKRO 2', ''),
(876, '19.03.352', 'AHMAD ULIN NUHA', 'XII', 'TKRO 2', ''),
(877, '19.03.353', 'AHMAD ZAKI GUFRON', 'XII', 'TKRO 2', ''),
(878, '19.03.354', 'ANDI IRAWAN', 'XII', 'TKRO 2', ''),
(879, '19.03.355', 'DIKA PURNAMA', 'XII', 'TKRO 2', ''),
(880, '19.03.356', 'DIMAS IHDA RIFQI', 'XII', 'TKRO 2', ''),
(881, '19.03.358', 'MUHAMMAD MIFTAKHUL FARUQ', 'XII', 'TKRO 2', ''),
(882, '19.03.359', 'MIRZA ALI MAHFUD', 'XII', 'TKRO 2', ''),
(883, '19.03.361', 'Mohammad Amir Hidayatullah', 'XII', 'TKRO 2', ''),
(884, '19.03.362', 'Muhamad Irfan Jazuli', 'XII', 'TKRO 2', ''),
(885, '19.03.363', 'MUHAMMAD NURULLOH AL HAQ', 'XII', 'TKRO 2', ''),
(886, '19.03.364', 'MUHAMAD ULIL ABSOR', 'XII', 'TKRO 2', ''),
(887, '19.03.365', 'MUKHAMAD SAIFUDIN', 'XII', 'TKRO 2', ''),
(888, '19.03.367', 'RIZKI NUGROHO', 'XII', 'TKRO 2', ''),
(889, '19.03.368', 'SHAFIUL ANAM', 'XII', 'TKRO 2', ''),
(890, '19.03.369', 'MUHAMMAD SYAMSUL HUDA', 'XII', 'TKRO 2', ''),
(891, '19.03.370', 'MUHAMAD ARIS ALFANI', 'XII', 'TKRO 2', '');

-- --------------------------------------------------------

--
-- Struktur dari tabel `tb_tagihan_siswa`
--

CREATE TABLE `tb_tagihan_siswa` (
  `id_tagihan_siswa` int(11) NOT NULL,
  `id_siswa` int(11) NOT NULL,
  `id_jns_tghn_siswa` int(11) NOT NULL,
  `jumlah` varchar(20) NOT NULL
) ENGINE=MyISAM DEFAULT CHARSET=latin1;

--
-- Dumping data untuk tabel `tb_tagihan_siswa`
--

INSERT INTO `tb_tagihan_siswa` (`id_tagihan_siswa`, `id_siswa`, `id_jns_tghn_siswa`, `jumlah`) VALUES
(289, 568, 1, '100000');

-- --------------------------------------------------------

--
-- Struktur dari tabel `tb_tahun`
--

CREATE TABLE `tb_tahun` (
  `id_tahun` int(11) NOT NULL,
  `tahun` varchar(50) NOT NULL
) ENGINE=MyISAM DEFAULT CHARSET=latin1;

--
-- Dumping data untuk tabel `tb_tahun`
--

INSERT INTO `tb_tahun` (`id_tahun`, `tahun`) VALUES
(1, '2020/2021'),
(2, '2021/2022');

-- --------------------------------------------------------

--
-- Struktur dari tabel `tb_user`
--

CREATE TABLE `tb_user` (
  `id_user` int(11) NOT NULL,
  `username` varchar(50) NOT NULL,
  `password` varchar(255) NOT NULL,
  `nama_user` varchar(50) NOT NULL,
  `level` enum('admin','user') NOT NULL
) ENGINE=MyISAM DEFAULT CHARSET=utf8mb4;

--
-- Dumping data untuk tabel `tb_user`
--

INSERT INTO `tb_user` (`id_user`, `username`, `password`, `nama_user`, `level`) VALUES
(1, 'admin', '$2y$10$Y5Jkx0R7rQ9387SMYWEBCeXybXYWoP5L59utsuc8G6QF96ewC3XeO', 'Administrator', 'admin');

--
-- Indexes for dumped tables
--

--
-- Indeks untuk tabel `tb_baak`
--
ALTER TABLE `tb_baak`
  ADD PRIMARY KEY (`id_pegawai`);

--
-- Indeks untuk tabel `tb_jenis_tagihan`
--
ALTER TABLE `tb_jenis_tagihan`
  ADD PRIMARY KEY (`id_jenis_tagihan`);

--
-- Indeks untuk tabel `tb_jenis_tagihan_siswa`
--
ALTER TABLE `tb_jenis_tagihan_siswa`
  ADD PRIMARY KEY (`id_jns_tghn_siswa`);

--
-- Indeks untuk tabel `tb_jurusan`
--
ALTER TABLE `tb_jurusan`
  ADD PRIMARY KEY (`id_jurusan`);

--
-- Indeks untuk tabel `tb_kelas`
--
ALTER TABLE `tb_kelas`
  ADD PRIMARY KEY (`id_kelas`);

--
-- Indeks untuk tabel `tb_pembayaran`
--
ALTER TABLE `tb_pembayaran`
  ADD PRIMARY KEY (`id_pembayaran`);

--
-- Indeks untuk tabel `tb_semester`
--
ALTER TABLE `tb_semester`
  ADD PRIMARY KEY (`id_semester`);

--
-- Indeks untuk tabel `tb_siswa`
--
ALTER TABLE `tb_siswa`
  ADD PRIMARY KEY (`id_siswa`);

--
-- Indeks untuk tabel `tb_tagihan_siswa`
--
ALTER TABLE `tb_tagihan_siswa`
  ADD PRIMARY KEY (`id_tagihan_siswa`);

--
-- Indeks untuk tabel `tb_tahun`
--
ALTER TABLE `tb_tahun`
  ADD PRIMARY KEY (`id_tahun`);

--
-- Indeks untuk tabel `tb_user`
--
ALTER TABLE `tb_user`
  ADD PRIMARY KEY (`id_user`);

--
-- AUTO_INCREMENT untuk tabel yang dibuang
--

--
-- AUTO_INCREMENT untuk tabel `tb_baak`
--
ALTER TABLE `tb_baak`
  MODIFY `id_pegawai` int(11) NOT NULL AUTO_INCREMENT, AUTO_INCREMENT=9;

--
-- AUTO_INCREMENT untuk tabel `tb_jenis_tagihan`
--
ALTER TABLE `tb_jenis_tagihan`
  MODIFY `id_jenis_tagihan` int(11) NOT NULL AUTO_INCREMENT, AUTO_INCREMENT=24;

--
-- AUTO_INCREMENT untuk tabel `tb_jenis_tagihan_siswa`
--
ALTER TABLE `tb_jenis_tagihan_siswa`
  MODIFY `id_jns_tghn_siswa` int(11) NOT NULL AUTO_INCREMENT, AUTO_INCREMENT=3;

--
-- AUTO_INCREMENT untuk tabel `tb_jurusan`
--
ALTER TABLE `tb_jurusan`
  MODIFY `id_jurusan` int(11) NOT NULL AUTO_INCREMENT, AUTO_INCREMENT=6;

--
-- AUTO_INCREMENT untuk tabel `tb_kelas`
--
ALTER TABLE `tb_kelas`
  MODIFY `id_kelas` int(11) NOT NULL AUTO_INCREMENT, AUTO_INCREMENT=7;

--
-- AUTO_INCREMENT untuk tabel `tb_pembayaran`
--
ALTER TABLE `tb_pembayaran`
  MODIFY `id_pembayaran` int(11) NOT NULL AUTO_INCREMENT, AUTO_INCREMENT=1075;

--
-- AUTO_INCREMENT untuk tabel `tb_semester`
--
ALTER TABLE `tb_semester`
  MODIFY `id_semester` int(11) NOT NULL AUTO_INCREMENT, AUTO_INCREMENT=3;

--
-- AUTO_INCREMENT untuk tabel `tb_siswa`
--
ALTER TABLE `tb_siswa`
  MODIFY `id_siswa` int(11) NOT NULL AUTO_INCREMENT, AUTO_INCREMENT=892;

--
-- AUTO_INCREMENT untuk tabel `tb_tagihan_siswa`
--
ALTER TABLE `tb_tagihan_siswa`
  MODIFY `id_tagihan_siswa` int(11) NOT NULL AUTO_INCREMENT, AUTO_INCREMENT=292;

--
-- AUTO_INCREMENT untuk tabel `tb_tahun`
--
ALTER TABLE `tb_tahun`
  MODIFY `id_tahun` int(11) NOT NULL AUTO_INCREMENT, AUTO_INCREMENT=3;

--
-- AUTO_INCREMENT untuk tabel `tb_user`
--
ALTER TABLE `tb_user`
  MODIFY `id_user` int(11) NOT NULL AUTO_INCREMENT, AUTO_INCREMENT=3;
COMMIT;

/*!40101 SET CHARACTER_SET_CLIENT=@OLD_CHARACTER_SET_CLIENT */;
/*!40101 SET CHARACTER_SET_RESULTS=@OLD_CHARACTER_SET_RESULTS */;
/*!40101 SET COLLATION_CONNECTION=@OLD_COLLATION_CONNECTION */;
